,month_normalized,time_idx,value,static,date
0,0,0,266.97,2,2013-01-01
1,0,1,256.46,2,2013-01-02
2,0,2,273.26,2,2013-01-03
3,0,3,253.89,2,2013-01-04
4,0,4,268.15,2,2013-01-05
5,0,5,256.6,2,2013-01-06
6,0,6,257.35,2,2013-01-07
7,0,7,273.78,2,2013-01-08
8,0,8,269.8,2,2013-01-09
9,0,9,251.36,2,2013-01-10
10,0,10,270.42,2,2013-01-11
11,0,11,272.51,2,2013-01-12
12,0,12,271.05,2,2013-01-13
13,0,13,267.41,2,2013-01-14
14,0,14,256.63,2,2013-01-15
15,0,15,266.49,2,2013-01-16
16,0,16,262.02,2,2013-01-17
17,0,17,258.38,2,2013-01-18
18,0,18,258.47,2,2013-01-19
19,0,19,258.12,2,2013-01-20
20,0,20,271.68,2,2013-01-21
21,0,21,270.75,2,2013-01-22
22,0,22,246.6,2,2013-01-23
23,0,23,271.57,2,2013-01-24
24,0,24,270.97,2,2013-01-25
25,0,25,274.42,2,2013-01-26
26,0,26,271.99,2,2013-01-27
27,0,27,271.75,2,2013-01-28
28,0,28,273.59,2,2013-01-29
29,0,29,259.51,2,2013-01-30
30,0,30,265.86,2,2013-01-31
31,0,31,261.74,2,2013-02-01
32,0,32,261.43,2,2013-02-02
33,0,33,267.02,2,2013-02-03
34,0,34,261.28,2,2013-02-04
35,0,35,262.69,2,2013-02-05
36,0,36,263.81,2,2013-02-06
37,0,37,259.5,2,2013-02-07
38,0,38,264.67,2,2013-02-08
39,0,39,271.82,2,2013-02-09
40,0,40,263.77,2,2013-02-10
41,0,41,263.04,2,2013-02-11
42,0,42,266.31,2,2013-02-12
43,0,43,268.19,2,2013-02-13
44,0,44,268.41,2,2013-02-14
45,0,45,264.39,2,2013-02-15
46,0,46,272.39,2,2013-02-16
47,0,47,270.46,2,2013-02-17
48,0,48,270.86,2,2013-02-18
49,0,49,271.24,2,2013-02-19
50,0,50,272.76,2,2013-02-20
51,0,51,271.47,2,2013-02-21
52,0,52,272.01,2,2013-02-22
53,0,53,272.41,2,2013-02-23
54,0,54,272.92,2,2013-02-24
55,1,0,273.38,2,2013-02-25
56,1,1,271.68,2,2013-02-26
57,1,2,271.52,2,2013-02-27
58,1,3,266.4,2,2013-02-28
59,1,4,272.36,2,2013-03-01
60,1,5,273.99,2,2013-03-02
61,1,6,272.5,2,2013-03-03
62,1,7,271.34,2,2013-03-04
63,1,8,271.81,2,2013-03-05
64,1,9,273.31,2,2013-03-06
65,1,10,268.16,2,2013-03-07
66,1,11,273.43,2,2013-03-08
67,1,12,272.76,2,2013-03-09
68,1,13,273.0,2,2013-03-10
69,1,14,273.7,2,2013-03-11
70,1,15,272.47,2,2013-03-12
71,1,16,270.65,2,2013-03-13
72,1,17,271.61,2,2013-03-14
73,1,18,273.99,2,2013-03-15
74,1,19,273.99,2,2013-03-16
75,1,20,272.68,2,2013-03-17
76,1,21,273.12,2,2013-03-18
77,1,22,268.71,2,2013-03-19
78,1,23,272.21,2,2013-03-20
79,1,24,271.16,2,2013-03-21
80,1,25,272.62,2,2013-03-22
81,1,26,272.82,2,2013-03-23
82,1,27,271.4,2,2013-03-24
83,1,28,270.38,2,2013-03-25
84,1,29,273.21,2,2013-03-26
85,1,30,274.1,2,2013-03-27
86,1,31,274.35,2,2013-03-28
87,1,32,275.6,2,2013-03-29
88,1,33,269.88,2,2013-03-30
89,1,34,272.38,2,2013-03-31
90,1,35,271.95,2,2013-04-01
91,1,36,272.65,2,2013-04-02
92,1,37,270.5,2,2013-04-03
93,1,38,270.21,2,2013-04-04
94,1,39,270.89,2,2013-04-05
95,1,40,268.06,2,2013-04-06
96,1,41,266.81,2,2013-04-07
97,1,42,264.69,2,2013-04-08
98,1,43,269.11,2,2013-04-09
99,1,44,269.51,2,2013-04-10
100,1,45,270.2,2,2013-04-11
101,1,46,268.16,2,2013-04-12
102,1,47,269.38,2,2013-04-13
103,1,48,264.45,2,2013-04-14
104,1,49,267.66,2,2013-04-15
105,1,50,268.05,2,2013-04-16
106,1,51,264.61,2,2013-04-17
107,1,52,266.89,2,2013-04-18
108,1,53,269.29,2,2013-04-19
109,1,54,267.57,2,2013-04-20
110,2,0,267.88,2,2013-04-21
111,2,1,269.4,2,2013-04-22
112,2,2,272.72,2,2013-04-23
113,2,3,271.06,2,2013-04-24
114,2,4,264.34,2,2013-04-25
115,2,5,269.25,2,2013-04-26
116,2,6,267.53,2,2013-04-27
117,2,7,268.94,2,2013-04-28
118,2,8,272.6,2,2013-04-29
119,2,9,270.52,2,2013-04-30
120,2,10,271.45,2,2013-05-01
121,2,11,263.01,2,2013-05-02
122,2,12,264.46,2,2013-05-03
123,2,13,266.83,2,2013-05-04
124,2,14,273.27,2,2013-05-05
125,2,15,272.79,2,2013-05-06
126,2,16,264.03,2,2013-05-07
127,2,17,270.93,2,2013-05-08
128,2,18,271.94,2,2013-05-09
129,2,19,272.1,2,2013-05-10
130,2,20,273.64,2,2013-05-11
131,2,21,270.65,2,2013-05-12
132,2,22,270.88,2,2013-05-13
133,2,23,273.22,2,2013-05-14
134,2,24,270.82,2,2013-05-15
135,2,25,276.17,2,2013-05-16
136,2,26,272.25,2,2013-05-17
137,2,27,271.55,2,2013-05-18
138,2,28,271.72,2,2013-05-19
139,2,29,269.88,2,2013-05-20
140,2,30,273.02,2,2013-05-21
141,2,31,268.83,2,2013-05-22
142,2,32,269.5,2,2013-05-23
143,2,33,273.42,2,2013-05-24
144,2,34,275.0,2,2013-05-25
145,2,35,269.97,2,2013-05-26
146,2,36,272.84,2,2013-05-27
147,2,37,272.22,2,2013-05-28
148,2,38,269.63,2,2013-05-29
149,2,39,269.26,2,2013-05-30
150,2,40,268.21,2,2013-05-31
151,2,41,269.7,2,2013-06-01
152,2,42,269.75,2,2013-06-02
153,2,43,271.95,2,2013-06-03
154,2,44,272.26,2,2013-06-04
155,2,45,272.41,2,2013-06-05
156,2,46,270.84,2,2013-06-06
157,2,47,268.0,2,2013-06-07
158,2,48,269.69,2,2013-06-08
159,2,49,272.86,2,2013-06-09
160,2,50,271.51,2,2013-06-10
161,2,51,272.9,2,2013-06-11
162,2,52,274.07,2,2013-06-12
163,2,53,272.37,2,2013-06-13
164,2,54,272.39,2,2013-06-14
165,3,0,272.95,2,2013-06-15
166,3,1,267.65,2,2013-06-16
167,3,2,272.74,2,2013-06-17
168,3,3,271.24,2,2013-06-18
169,3,4,269.92,2,2013-06-19
170,3,5,264.66,2,2013-06-20
171,3,6,273.09,2,2013-06-21
172,3,7,274.02,2,2013-06-22
173,3,8,272.38,2,2013-06-23
174,3,9,272.3,2,2013-06-24
175,3,10,273.15,2,2013-06-25
176,3,11,268.39,2,2013-06-26
177,3,12,269.21,2,2013-06-27
178,3,13,270.15,2,2013-06-28
179,3,14,270.59,2,2013-06-29
180,3,15,270.23,2,2013-06-30
181,3,16,269.94,2,2013-07-01
182,3,17,269.22,2,2013-07-02
183,3,18,255.11,2,2013-07-03
184,3,21,274.19,2,2013-07-04
185,3,22,270.61,2,2013-07-05
186,3,23,269.68,2,2013-07-06
187,3,24,269.52,2,2013-07-07
188,3,25,272.02,2,2013-07-08
189,3,26,248.11,2,2013-07-09
190,3,41,268.63,2,2013-07-10
191,3,48,269.07,2,2013-07-11
192,3,49,266.26,2,2013-07-12
193,3,50,270.33,2,2013-07-13
194,3,51,265.17,2,2013-07-14
195,3,52,273.43,2,2013-07-15
196,3,53,277.47,2,2013-07-16
197,3,54,269.48,2,2013-07-17
198,4,0,268.33,2,2013-07-18
199,4,1,272.78,2,2013-07-19
200,4,2,267.09,2,2013-07-20
201,4,3,266.38,2,2013-07-21
202,4,4,270.16,2,2013-07-22
203,4,5,276.29,2,2013-07-23
204,4,6,273.63,2,2013-07-24
205,4,7,269.09,2,2013-07-25
206,4,8,267.89,2,2013-07-26
207,4,9,270.58,2,2013-07-27
208,4,10,272.05,2,2013-07-28
209,4,11,267.45,2,2013-07-29
210,4,12,273.33,2,2013-07-30
211,4,13,266.44,2,2013-07-31
212,4,14,263.34,2,2013-08-01
213,4,15,275.64,2,2013-08-02
214,4,16,264.25,2,2013-08-03
215,4,17,272.67,2,2013-08-04
216,4,18,268.2,2,2013-08-05
217,4,19,269.21,2,2013-08-06
218,4,20,269.93,2,2013-08-07
219,4,21,271.96,2,2013-08-08
220,4,22,270.88,2,2013-08-09
221,4,23,262.53,2,2013-08-10
222,4,24,265.45,2,2013-08-11
223,4,25,269.48,2,2013-08-12
224,4,26,266.98,2,2013-08-13
225,4,27,271.22,2,2013-08-14
226,4,28,271.97,2,2013-08-15
227,4,29,261.26,2,2013-08-16
228,4,30,270.24,2,2013-08-17
229,4,31,259.72,2,2013-08-18
230,4,32,268.49,2,2013-08-19
231,4,33,251.04,2,2013-08-20
232,4,38,271.54,2,2013-08-21
233,4,39,268.0,2,2013-08-22
234,4,40,271.24,2,2013-08-23
235,4,41,266.9,2,2013-08-24
236,4,42,266.31,2,2013-08-25
237,4,43,268.14,2,2013-08-26
238,4,44,269.39,2,2013-08-27
239,4,45,270.34,2,2013-08-28
240,4,46,266.12,2,2013-08-29
241,4,47,268.55,2,2013-08-30
242,4,48,268.43,2,2013-08-31
243,4,49,269.54,2,2013-09-01
244,4,50,267.38,2,2013-09-02
245,4,51,269.27,2,2013-09-03
246,4,52,271.3,2,2013-09-04
247,4,53,270.88,2,2013-09-05
248,4,54,268.89,2,2013-09-06
249,5,0,269.67,2,2013-09-07
250,5,1,268.0,2,2013-09-08
251,5,2,271.67,2,2013-09-09
252,5,3,271.32,2,2013-09-10
253,5,4,269.63,2,2013-09-11
254,5,5,270.97,2,2013-09-12
255,5,6,269.59,2,2013-09-13
256,5,7,270.35,2,2013-09-14
257,5,8,272.75,2,2013-09-15
258,5,9,268.43,2,2013-09-16
259,5,10,269.49,2,2013-09-17
260,5,11,257.53,2,2013-09-18
261,5,12,264.0,2,2013-09-19
262,5,13,265.36,2,2013-09-20
263,5,14,269.0,2,2013-09-21
264,5,15,265.65,2,2013-09-22
265,5,16,264.43,2,2013-09-23
266,5,17,267.74,2,2013-09-24
267,5,18,270.53,2,2013-09-25
268,5,19,263.31,2,2013-09-26
269,5,20,267.8,2,2013-09-27
270,5,21,268.77,2,2013-09-28
271,5,22,264.25,2,2013-09-29
272,5,23,265.43,2,2013-09-30
273,5,24,267.39,2,2013-10-01
274,5,25,266.5,2,2013-10-02
275,5,26,264.13,2,2013-10-03
276,5,27,265.43,2,2013-10-04
277,5,28,260.18,2,2013-10-05
278,5,29,260.08,2,2013-10-06
279,5,30,262.11,2,2013-10-07
280,5,31,263.76,2,2013-10-08
281,5,32,257.62,2,2013-10-09
282,5,33,269.77,2,2013-10-10
283,5,34,269.7,2,2013-10-11
284,5,35,271.06,2,2013-10-12
285,5,36,269.15,2,2013-10-13
286,5,37,268.94,2,2013-10-14
287,5,38,268.09,2,2013-10-15
288,5,39,267.61,2,2013-10-16
289,5,40,264.71,2,2013-10-17
290,5,41,267.95,2,2013-10-18
291,5,42,269.66,2,2013-10-19
292,5,43,263.51,2,2013-10-20
293,5,44,267.72,2,2013-10-21
294,5,45,265.28,2,2013-10-22
295,5,46,268.46,2,2013-10-23
296,5,47,270.44,2,2013-10-24
297,5,48,267.39,2,2013-10-25
298,5,49,268.28,2,2013-10-26
299,5,50,265.69,2,2013-10-27
300,5,51,264.71,2,2013-10-28
301,5,52,263.83,2,2013-10-29
302,5,53,265.65,2,2013-10-30
303,5,54,265.49,2,2013-10-31
304,6,0,265.85,2,2013-11-01
305,6,1,266.9,2,2013-11-02
306,6,2,267.17,2,2013-11-03
307,6,3,265.39,2,2013-11-04
308,6,4,260.12,2,2013-11-05
309,6,5,266.02,2,2013-11-06
310,6,6,266.25,2,2013-11-07
311,6,7,265.58,2,2013-11-08
312,6,8,263.15,2,2013-11-09
313,6,9,263.35,2,2013-11-10
314,6,10,260.43,2,2013-11-11
315,6,11,267.78,2,2013-11-12
316,6,12,261.64,2,2013-11-13
317,6,13,263.13,2,2013-11-14
318,6,14,264.73,2,2013-11-15
319,6,15,260.76,2,2013-11-16
320,6,16,266.63,2,2013-11-17
321,6,17,265.17,2,2013-11-18
322,6,18,266.36,2,2013-11-19
323,6,19,266.33,2,2013-11-20
324,6,26,259.36,2,2013-11-21
325,6,27,260.72,2,2013-11-22
326,6,28,264.51,2,2013-11-23
327,6,29,264.48,2,2013-11-24
328,6,30,263.51,2,2013-11-25
329,6,31,263.65,2,2013-11-26
330,6,32,261.85,2,2013-11-27
331,6,33,264.33,2,2013-11-28
332,6,34,264.83,2,2013-11-29
333,6,35,264.28,2,2013-11-30
334,6,36,264.89,2,2013-12-01
335,6,37,262.99,2,2013-12-02
336,6,38,260.77,2,2013-12-03
337,6,39,254.63,2,2013-12-04
338,6,40,261.08,2,2013-12-05
339,6,41,258.23,2,2013-12-06
340,6,42,259.58,2,2013-12-07
341,6,43,258.55,2,2013-12-08
342,6,44,261.78,2,2013-12-09
343,6,45,261.4,2,2013-12-10
344,6,46,261.95,2,2013-12-11
345,6,47,260.65,2,2013-12-12
346,6,48,260.59,2,2013-12-13
347,6,49,260.72,2,2013-12-14
348,6,50,260.23,2,2013-12-15
349,6,51,256.79,2,2013-12-16
350,6,52,256.3,2,2013-12-17
351,6,53,256.39,2,2013-12-18
352,6,54,255.37,2,2013-12-19
353,7,0,255.71,2,2013-12-20
354,7,1,254.47,2,2013-12-21
355,7,2,257.86,2,2013-12-22
356,7,3,257.82,2,2013-12-23
357,7,4,259.0,2,2013-12-24
358,7,5,256.93,2,2013-12-25
359,7,6,257.21,2,2013-12-26
360,7,7,258.5,2,2013-12-27
361,7,8,251.72,2,2013-12-28
362,7,9,254.72,2,2013-12-29
363,7,10,250.29,2,2013-12-30
364,7,11,245.82,2,2013-12-31
365,7,12,258.22,2,2014-01-01
366,7,13,254.79,2,2014-01-02
367,7,14,256.87,2,2014-01-03
368,7,15,255.9,2,2014-01-04
369,7,16,259.2,2,2014-01-05
370,7,17,256.32,2,2014-01-06
371,7,18,247.64,2,2014-01-07
372,7,19,250.68,2,2014-01-08
373,7,20,256.57,2,2014-01-09
374,7,21,254.07,2,2014-01-10
375,7,22,255.16,2,2014-01-11
376,7,23,249.42,2,2014-01-12
377,7,24,249.41,2,2014-01-13
378,7,25,247.64,2,2014-01-14
379,7,26,254.6,2,2014-01-15
380,7,27,247.3,2,2014-01-16
381,7,28,250.42,2,2014-01-17
382,7,29,246.41,2,2014-01-18
383,7,30,247.76,2,2014-01-19
384,7,31,250.68,2,2014-01-20
385,7,32,252.71,2,2014-01-21
386,7,33,249.9,2,2014-01-22
387,7,34,248.14,2,2014-01-23
388,7,35,251.46,2,2014-01-24
389,7,36,249.16,2,2014-01-25
390,7,37,246.95,2,2014-01-26
391,7,38,243.9,2,2014-01-27
392,7,39,247.47,2,2014-01-28
393,7,40,248.27,2,2014-01-29
394,7,41,249.1,2,2014-01-30
395,7,42,246.78,2,2014-01-31
396,7,43,245.54,2,2014-02-01
397,7,44,245.04,2,2014-02-02
398,7,45,253.57,2,2014-02-03
399,7,46,246.83,2,2014-02-04
400,7,47,248.82,2,2014-02-05
401,7,48,249.53,2,2014-02-06
402,7,49,247.8,2,2014-02-07
403,7,50,215.46,2,2014-02-08
404,8,5,248.13,2,2014-02-09
405,8,6,243.25,2,2014-02-10
406,8,7,247.75,2,2014-02-11
407,8,8,230.61,2,2014-02-12
408,8,13,246.29,2,2014-02-13
409,8,14,247.24,2,2014-02-14
410,8,15,248.87,2,2014-02-15
411,8,16,247.85,2,2014-02-16
412,8,17,245.59,2,2014-02-17
413,8,18,242.73,2,2014-02-18
414,8,19,240.56,2,2014-02-19
415,8,20,243.22,2,2014-02-20
416,8,21,245.98,2,2014-02-21
417,8,22,243.44,2,2014-02-22
418,8,23,240.32,2,2014-02-23
419,8,24,242.06,2,2014-02-24
420,8,25,244.52,2,2014-02-25
421,8,26,242.65,2,2014-02-26
422,8,27,249.32,2,2014-02-27
423,8,28,246.96,2,2014-02-28
424,8,29,237.14,2,2014-03-01
425,8,36,241.73,2,2014-03-02
426,8,37,241.06,2,2014-03-03
427,8,38,241.24,2,2014-03-04
428,8,39,249.05,2,2014-03-05
429,8,40,241.33,2,2014-03-06
430,8,41,241.86,2,2014-03-07
431,8,42,241.5,2,2014-03-08
432,8,43,238.99,2,2014-03-09
433,8,44,238.1,2,2014-03-10
434,8,45,248.24,2,2014-03-11
435,8,46,245.4,2,2014-03-12
436,8,47,246.26,2,2014-03-13
437,8,48,240.48,2,2014-03-14
438,8,49,246.11,2,2014-03-15
439,8,50,242.04,2,2014-03-16
440,8,51,249.09,2,2014-03-17
441,8,52,241.7,2,2014-03-18
442,8,53,240.72,2,2014-03-19
443,8,54,244.39,2,2014-03-20
444,9,0,241.34,2,2014-03-21
445,9,1,242.85,2,2014-03-22
446,9,2,243.56,2,2014-03-23
447,9,3,246.63,2,2014-03-24
448,9,4,241.38,2,2014-03-25
449,9,5,240.91,2,2014-03-26
450,9,6,239.69,2,2014-03-27
451,9,7,242.55,2,2014-03-28
452,9,8,248.13,2,2014-03-29
453,9,9,242.2,2,2014-03-30
454,9,10,243.75,2,2014-03-31
455,9,11,248.97,2,2014-04-01
456,9,12,248.61,2,2014-04-02
457,9,13,245.68,2,2014-04-03
458,9,14,240.81,2,2014-04-04
459,9,15,244.68,2,2014-04-05
460,9,16,246.81,2,2014-04-06
461,9,17,246.64,2,2014-04-07
462,9,18,248.24,2,2014-04-08
463,9,19,249.39,2,2014-04-09
464,9,20,243.25,2,2014-04-10
465,9,21,241.18,2,2014-04-11
466,9,22,248.2,2,2014-04-12
467,9,23,250.94,2,2014-04-13
468,9,24,242.81,2,2014-04-14
469,9,25,247.5,2,2014-04-15
470,9,26,241.36,2,2014-04-16
471,9,27,248.39,2,2014-04-17
472,9,28,247.2,2,2014-04-18
473,9,29,241.01,2,2014-04-19
474,9,30,240.74,2,2014-04-20
475,9,31,240.88,2,2014-04-21
476,9,32,240.16,2,2014-04-22
477,9,33,244.04,2,2014-04-23
478,9,34,246.7,2,2014-04-24
479,9,35,249.79,2,2014-04-25
480,9,36,238.83,2,2014-04-26
481,9,37,243.34,2,2014-04-27
482,9,38,241.44,2,2014-04-28
483,9,39,246.48,2,2014-04-29
484,9,40,242.81,2,2014-04-30
485,9,41,241.44,2,2014-05-01
486,9,42,236.17,2,2014-05-02
487,9,43,244.7,2,2014-05-03
488,9,44,247.82,2,2014-05-04
489,9,45,250.09,2,2014-05-05
490,9,46,244.13,2,2014-05-06
491,9,47,244.68,2,2014-05-07
492,9,48,240.07,2,2014-05-08
493,9,49,245.7,2,2014-05-09
494,9,50,250.5,2,2014-05-10
495,9,51,242.09,2,2014-05-11
496,9,52,243.95,2,2014-05-12
497,9,53,244.59,2,2014-05-13
498,9,54,247.88,2,2014-05-14
499,10,0,243.32,2,2014-05-15
500,10,1,249.39,2,2014-05-16
501,10,2,248.02,2,2014-05-17
502,10,3,250.52,2,2014-05-18
503,10,4,242.82,2,2014-05-19
504,10,5,243.27,2,2014-05-20
505,10,6,247.62,2,2014-05-21
506,10,7,247.76,2,2014-05-22
507,10,8,245.38,2,2014-05-23
508,10,9,242.18,2,2014-05-24
509,10,10,244.45,2,2014-05-25
510,10,11,244.74,2,2014-05-26
511,10,12,245.66,2,2014-05-27
512,10,13,243.76,2,2014-05-28
513,10,14,243.65,2,2014-05-29
514,10,15,251.0,2,2014-05-30
515,10,16,247.79,2,2014-05-31
516,10,17,246.49,2,2014-06-01
517,10,18,247.44,2,2014-06-02
518,10,19,252.03,2,2014-06-03
519,10,20,250.57,2,2014-06-04
520,10,21,248.12,2,2014-06-05
521,10,22,245.62,2,2014-06-06
522,10,23,245.94,2,2014-06-07
523,10,24,246.07,2,2014-06-08
524,10,25,245.47,2,2014-06-09
525,10,26,245.74,2,2014-06-10
526,10,27,249.17,2,2014-06-11
527,10,28,244.58,2,2014-06-12
528,10,29,250.31,2,2014-06-13
529,10,30,243.32,2,2014-06-14
530,10,31,247.21,2,2014-06-15
531,10,32,244.91,2,2014-06-16
532,10,33,244.39,2,2014-06-17
533,10,34,250.88,2,2014-06-18
534,10,35,251.11,2,2014-06-19
535,10,36,243.92,2,2014-06-20
536,10,37,249.16,2,2014-06-21
537,10,38,245.35,2,2014-06-22
538,10,39,245.06,2,2014-06-23
539,10,40,253.03,2,2014-06-24
540,10,41,246.94,2,2014-06-25
541,10,42,246.36,2,2014-06-26
542,10,43,246.4,2,2014-06-27
543,10,44,256.86,2,2014-06-28
544,10,45,255.06,2,2014-06-29
545,10,46,248.17,2,2014-06-30
546,10,47,245.04,2,2014-07-01
547,10,48,243.98,2,2014-07-02
548,10,49,250.4,2,2014-07-03
549,10,50,251.15,2,2014-07-04
550,10,51,250.14,2,2014-07-05
551,10,52,249.38,2,2014-07-06
552,10,53,243.78,2,2014-07-07
553,10,54,248.53,2,2014-07-08
554,11,0,251.35,2,2014-07-09
555,11,1,249.04,2,2014-07-10
556,11,2,253.05,2,2014-07-11
557,11,3,253.58,2,2014-07-12
558,11,4,245.91,2,2014-07-13
559,11,5,248.31,2,2014-07-14
560,11,6,252.42,2,2014-07-15
561,11,7,250.04,2,2014-07-16
562,11,8,252.52,2,2014-07-17
563,11,9,251.94,2,2014-07-18
564,11,10,253.77,2,2014-07-19
565,11,11,248.23,2,2014-07-20
566,11,12,249.98,2,2014-07-21
567,11,13,253.91,2,2014-07-22
568,11,14,250.64,2,2014-07-23
569,11,15,246.68,2,2014-07-24
570,11,16,253.96,2,2014-07-25
571,11,17,254.7,2,2014-07-26
572,11,18,253.7,2,2014-07-27
573,11,19,255.38,2,2014-07-28
574,11,20,254.02,2,2014-07-29
575,11,21,263.18,2,2014-07-30
576,11,22,252.77,2,2014-07-31
577,11,23,253.91,2,2014-08-01
578,11,24,262.03,2,2014-08-02
579,11,25,255.26,2,2014-08-03
580,11,26,259.95,2,2014-08-04
581,11,27,252.11,2,2014-08-05
582,11,28,251.48,2,2014-08-06
583,11,29,258.69,2,2014-08-07
584,11,30,263.22,2,2014-08-08
585,11,31,263.51,2,2014-08-09
586,11,32,256.8,2,2014-08-10
587,11,33,253.45,2,2014-08-11
588,11,34,251.71,2,2014-08-12
589,11,35,259.88,2,2014-08-13
590,11,36,263.31,2,2014-08-14
591,11,37,264.63,2,2014-08-15
592,11,38,260.23,2,2014-08-16
593,11,39,259.07,2,2014-08-17
594,11,40,265.67,2,2014-08-18
595,11,41,256.05,2,2014-08-19
596,11,42,257.79,2,2014-08-20
597,11,43,266.84,2,2014-08-21
598,11,44,262.17,2,2014-08-22
599,11,45,260.03,2,2014-08-23
600,11,46,262.39,2,2014-08-24
601,11,47,262.23,2,2014-08-25
602,11,48,259.91,2,2014-08-26
603,11,49,263.29,2,2014-08-27
604,11,50,265.24,2,2014-08-28
605,11,51,269.27,2,2014-08-29
606,11,52,270.26,2,2014-08-30
607,11,53,265.83,2,2014-08-31
608,11,54,268.8,2,2014-09-01
609,12,0,268.27,2,2014-09-02
610,12,1,267.36,2,2014-09-03
611,12,2,256.07,2,2014-09-04
612,12,3,255.43,2,2014-09-05
613,12,4,256.66,2,2014-09-06
614,12,5,256.27,2,2014-09-07
615,12,6,260.73,2,2014-09-08
616,12,7,263.64,2,2014-09-09
617,12,8,260.91,2,2014-09-10
618,12,9,254.84,2,2014-09-11
619,12,10,260.87,2,2014-09-12
620,12,11,256.9,2,2014-09-13
621,12,12,255.27,2,2014-09-14
622,12,13,256.22,2,2014-09-15
623,12,14,265.27,2,2014-09-16
624,12,15,263.73,2,2014-09-17
625,12,16,271.61,2,2014-09-18
626,12,17,269.28,2,2014-09-19
627,12,18,270.69,2,2014-09-20
628,12,19,265.78,2,2014-09-21
629,12,20,268.06,2,2014-09-22
630,12,21,265.42,2,2014-09-23
631,12,22,261.56,2,2014-09-24
632,12,23,269.34,2,2014-09-25
633,12,24,271.04,2,2014-09-26
634,12,25,271.82,2,2014-09-27
635,12,26,272.26,2,2014-09-28
636,12,27,270.98,2,2014-09-29
637,12,28,270.5,2,2014-09-30
638,12,29,270.57,2,2014-10-01
639,12,30,271.47,2,2014-10-02
640,12,31,279.22,2,2014-10-03
641,12,32,273.54,2,2014-10-04
642,12,33,273.14,2,2014-10-05
643,12,34,264.7,2,2014-10-06
644,12,35,267.68,2,2014-10-07
645,12,36,264.8,2,2014-10-08
646,12,37,273.54,2,2014-10-09
647,12,38,274.33,2,2014-10-10
648,12,39,274.01,2,2014-10-11
649,12,40,260.87,2,2014-10-12
650,12,41,258.17,2,2014-10-13
651,12,42,261.49,2,2014-10-14
652,12,43,260.75,2,2014-10-15
653,12,44,260.25,2,2014-10-16
654,12,45,275.73,2,2014-10-17
655,12,46,275.6,2,2014-10-18
656,12,47,276.69,2,2014-10-19
657,12,48,277.96,2,2014-10-20
658,12,49,277.34,2,2014-10-21
659,12,50,272.56,2,2014-10-22
660,12,51,271.75,2,2014-10-23
661,12,52,267.36,2,2014-10-24
662,12,53,274.96,2,2014-10-25
663,12,54,275.8,2,2014-10-26
664,13,0,274.45,2,2014-10-27
665,13,1,267.82,2,2014-10-28
666,13,2,274.72,2,2014-10-29
667,13,3,274.22,2,2014-10-30
668,13,4,274.58,2,2014-10-31
669,13,5,277.69,2,2014-11-01
670,13,6,276.81,2,2014-11-02
671,13,7,269.59,2,2014-11-03
672,13,8,265.04,2,2014-11-04
673,13,9,271.52,2,2014-11-05
674,13,10,269.86,2,2014-11-06
675,13,11,272.43,2,2014-11-07
676,13,12,269.07,2,2014-11-08
677,13,13,274.95,2,2014-11-09
678,13,14,273.8,2,2014-11-10
679,13,15,272.07,2,2014-11-11
680,13,16,271.0,2,2014-11-12
681,13,17,272.11,2,2014-11-13
682,13,18,272.89,2,2014-11-14
683,13,19,273.04,2,2014-11-15
684,13,20,271.66,2,2014-11-16
685,13,21,274.26,2,2014-11-17
686,13,22,275.21,2,2014-11-18
687,13,23,279.09,2,2014-11-19
688,13,24,278.81,2,2014-11-20
689,13,25,275.9,2,2014-11-21
690,13,26,276.87,2,2014-11-22
691,13,27,267.38,2,2014-11-23
692,13,28,266.08,2,2014-11-24
693,13,29,276.08,2,2014-11-25
694,13,30,279.4,2,2014-11-26
695,13,31,275.72,2,2014-11-27
696,13,32,277.39,2,2014-11-28
697,13,33,277.92,2,2014-11-29
698,13,34,277.6,2,2014-11-30
699,13,35,278.5,2,2014-12-01
700,13,36,285.75,2,2014-12-02
701,13,37,279.5,2,2014-12-03
702,13,38,280.05,2,2014-12-04
703,13,39,278.03,2,2014-12-05
704,13,40,277.01,2,2014-12-06
705,13,41,277.19,2,2014-12-07
706,13,42,279.9,2,2014-12-08
707,13,43,277.51,2,2014-12-09
708,13,44,274.37,2,2014-12-10
709,13,45,276.96,2,2014-12-11
710,13,46,274.93,2,2014-12-12
711,13,47,278.89,2,2014-12-13
712,13,48,281.07,2,2014-12-14
713,13,49,276.02,2,2014-12-15
714,13,50,271.44,2,2014-12-16
715,13,51,276.28,2,2014-12-17
716,13,52,276.87,2,2014-12-18
717,13,53,281.0,2,2014-12-19
718,13,54,279.03,2,2014-12-20
719,14,0,278.76,2,2014-12-21
720,14,1,272.72,2,2014-12-22
721,14,2,268.15,2,2014-12-23
722,14,3,283.08,2,2014-12-24
723,14,4,271.44,2,2014-12-25
724,14,5,267.9,2,2014-12-26
725,14,6,266.34,2,2014-12-27
726,14,7,265.9,2,2014-12-28
727,14,8,266.68,2,2014-12-29
728,14,9,265.33,2,2014-12-30
729,14,10,269.02,2,2014-12-31
730,14,11,274.47,2,2015-01-01
731,14,12,273.54,2,2015-01-02
732,14,13,272.5,2,2015-01-03
733,14,14,272.06,2,2015-01-04
734,14,15,267.43,2,2015-01-05
735,14,16,272.7,2,2015-01-06
736,14,17,272.78,2,2015-01-07
737,14,18,271.74,2,2015-01-08
738,14,19,269.33,2,2015-01-09
739,14,20,263.3,2,2015-01-10
740,14,21,270.06,2,2015-01-11
741,14,22,271.15,2,2015-01-12
742,14,23,280.93,2,2015-01-13
743,14,24,270.98,2,2015-01-14
744,14,25,272.24,2,2015-01-15
745,14,26,273.49,2,2015-01-16
746,14,27,274.8,2,2015-01-17
747,14,28,273.12,2,2015-01-18
748,14,29,267.79,2,2015-01-19
749,14,30,267.44,2,2015-01-20
750,14,31,270.17,2,2015-01-21
751,14,32,260.98,2,2015-01-22
752,14,33,276.96,2,2015-01-23
753,14,34,262.8,2,2015-01-24
754,14,35,265.56,2,2015-01-25
755,14,36,263.37,2,2015-01-26
756,14,37,264.88,2,2015-01-27
757,14,38,271.89,2,2015-01-28
758,14,39,271.84,2,2015-01-29
759,14,40,271.86,2,2015-01-30
760,14,41,272.51,2,2015-01-31
761,14,42,269.95,2,2015-02-01
762,14,43,273.78,2,2015-02-02
763,14,44,272.68,2,2015-02-03
764,14,45,273.48,2,2015-02-04
765,14,46,272.87,2,2015-02-05
766,14,47,271.76,2,2015-02-06
767,14,48,272.11,2,2015-02-07
768,14,49,271.73,2,2015-02-08
769,14,50,269.31,2,2015-02-09
770,14,51,270.97,2,2015-02-10
771,14,52,263.07,2,2015-02-11
772,14,53,269.83,2,2015-02-12
773,14,54,271.18,2,2015-02-13
774,15,0,268.72,2,2015-02-14
775,15,1,272.09,2,2015-02-15
776,15,2,271.83,2,2015-02-16
777,15,3,271.44,2,2015-02-17
778,15,4,270.15,2,2015-02-18
779,15,5,269.49,2,2015-02-19
780,15,6,267.94,2,2015-02-20
781,15,7,262.75,2,2015-02-21
782,15,8,263.45,2,2015-02-22
783,15,9,272.99,2,2015-02-23
784,15,10,273.64,2,2015-02-24
785,15,11,267.93,2,2015-02-25
786,15,12,265.76,2,2015-02-26
787,15,13,263.57,2,2015-02-27
788,15,14,265.39,2,2015-02-28
789,15,15,269.95,2,2015-03-01
790,15,16,266.6,2,2015-03-02
791,15,17,265.65,2,2015-03-03
792,15,18,269.74,2,2015-03-04
793,15,19,273.21,2,2015-03-05
794,15,20,277.5,2,2015-03-06
795,15,21,267.26,2,2015-03-07
796,15,22,269.52,2,2015-03-08
797,15,23,264.89,2,2015-03-09
798,15,24,264.73,2,2015-03-10
799,15,25,264.48,2,2015-03-11
800,15,26,260.89,2,2015-03-12
801,15,27,264.42,2,2015-03-13
802,15,28,266.6,2,2015-03-14
803,15,29,259.26,2,2015-03-15
804,15,30,270.47,2,2015-03-16
805,15,31,267.92,2,2015-03-17
806,15,32,263.68,2,2015-03-18
807,15,33,264.41,2,2015-03-19
808,15,34,269.27,2,2015-03-20
809,15,35,268.02,2,2015-03-21
810,15,36,264.83,2,2015-03-22
811,15,37,263.95,2,2015-03-23
812,15,38,267.14,2,2015-03-24
813,15,39,236.41,2,2015-03-25
814,15,46,268.44,2,2015-03-26
815,15,47,262.66,2,2015-03-27
816,15,48,267.75,2,2015-03-28
817,15,49,267.13,2,2015-03-29
818,15,50,265.89,2,2015-03-30
819,15,51,265.65,2,2015-03-31
820,15,52,265.5,2,2015-04-01
821,15,53,267.53,2,2015-04-02
822,15,54,267.31,2,2015-04-03
823,16,0,264.51,2,2015-04-04
824,16,1,264.06,2,2015-04-05
825,16,2,267.29,2,2015-04-06
826,16,3,269.0,2,2015-04-07
827,16,4,267.58,2,2015-04-08
828,16,5,267.93,2,2015-04-09
829,16,6,267.79,2,2015-04-10
830,16,7,270.89,2,2015-04-11
831,16,8,273.85,2,2015-04-12
832,16,9,273.38,2,2015-04-13
833,16,10,271.5,2,2015-04-14
834,16,11,272.58,2,2015-04-15
835,16,12,269.32,2,2015-04-16
836,16,13,271.74,2,2015-04-17
837,16,14,269.84,2,2015-04-18
838,16,15,272.08,2,2015-04-19
839,16,16,269.78,2,2015-04-20
840,16,17,267.53,2,2015-04-21
841,16,18,271.0,2,2015-04-22
842,16,19,267.85,2,2015-04-23
843,16,20,269.1,2,2015-04-24
844,16,21,268.27,2,2015-04-25
845,16,22,273.07,2,2015-04-26
846,16,23,267.26,2,2015-04-27
847,16,24,267.67,2,2015-04-28
848,16,25,269.13,2,2015-04-29
849,16,26,268.12,2,2015-04-30
850,16,27,267.56,2,2015-05-01
851,16,28,271.19,2,2015-05-02
852,16,29,272.55,2,2015-05-03
853,16,30,268.94,2,2015-05-04
854,16,31,269.33,2,2015-05-05
855,16,32,272.12,2,2015-05-06
856,16,33,269.52,2,2015-05-07
857,16,34,266.89,2,2015-05-08
858,16,35,271.98,2,2015-05-09
859,16,36,271.24,2,2015-05-10
860,16,37,272.97,2,2015-05-11
861,16,38,270.26,2,2015-05-12
862,16,39,272.86,2,2015-05-13
863,16,40,271.62,2,2015-05-14
864,16,41,270.9,2,2015-05-15
865,16,42,271.26,2,2015-05-16
866,16,43,274.0,2,2015-05-17
867,16,44,268.71,2,2015-05-18
868,16,45,273.47,2,2015-05-19
869,16,46,270.4,2,2015-05-20
870,16,47,268.46,2,2015-05-21
871,16,48,273.05,2,2015-05-22
872,16,50,270.93,2,2015-05-23
873,16,51,269.94,2,2015-05-24
874,16,52,272.12,2,2015-05-25
875,16,53,272.39,2,2015-05-26
876,16,54,271.55,2,2015-05-27
877,17,0,273.27,2,2015-05-28
878,17,1,271.69,2,2015-05-29
879,17,2,271.81,2,2015-05-30
880,17,3,270.05,2,2015-05-31
881,17,4,262.41,2,2015-06-01
882,17,5,267.81,2,2015-06-02
883,17,6,271.5,2,2015-06-03
884,17,7,268.89,2,2015-06-04
885,17,8,265.83,2,2015-06-05
886,17,9,268.17,2,2015-06-06
887,17,10,269.15,2,2015-06-07
888,17,11,259.16,2,2015-06-08
889,17,13,264.48,2,2015-06-09
890,17,14,263.03,2,2015-06-10
891,17,15,268.67,2,2015-06-11
892,17,16,265.91,2,2015-06-12
893,17,17,269.55,2,2015-06-13
894,17,18,269.54,2,2015-06-14
895,17,19,267.78,2,2015-06-15
896,17,20,258.43,2,2015-06-16
897,17,21,263.47,2,2015-06-17
898,17,22,261.23,2,2015-06-18
899,17,23,270.07,2,2015-06-19
900,17,24,269.28,2,2015-06-20
901,17,25,269.08,2,2015-06-21
902,17,26,268.32,2,2015-06-22
903,17,27,269.34,2,2015-06-23
904,17,28,269.74,2,2015-06-24
905,17,29,268.48,2,2015-06-25
906,17,30,269.12,2,2015-06-26
907,17,31,267.25,2,2015-06-27
908,17,32,264.97,2,2015-06-28
909,17,33,267.79,2,2015-06-29
910,17,34,270.5,2,2015-06-30
911,17,35,269.13,2,2015-07-01
912,17,36,272.19,2,2015-07-02
913,17,37,270.93,2,2015-07-03
914,17,38,269.73,2,2015-07-04
915,17,39,264.66,2,2015-07-05
916,17,40,264.53,2,2015-07-06
917,17,41,267.01,2,2015-07-07
918,17,42,270.06,2,2015-07-08
919,17,43,261.81,2,2015-07-09
920,17,44,261.46,2,2015-07-10
921,17,45,262.28,2,2015-07-11
922,17,46,271.73,2,2015-07-12
923,17,47,270.06,2,2015-07-13
924,17,48,266.58,2,2015-07-14
925,17,49,265.37,2,2015-07-15
926,17,50,268.1,2,2015-07-16
927,17,51,269.09,2,2015-07-17
928,17,52,269.16,2,2015-07-18
929,17,53,258.74,2,2015-07-19
930,17,54,260.17,2,2015-07-20
931,18,0,258.05,2,2015-07-21
932,18,1,258.39,2,2015-07-22
933,18,2,259.66,2,2015-07-23
934,18,3,260.43,2,2015-07-24
935,18,4,261.93,2,2015-07-25
936,18,5,258.09,2,2015-07-26
937,18,6,257.93,2,2015-07-27
938,18,7,257.57,2,2015-07-28
939,18,8,259.73,2,2015-07-29
940,18,9,257.82,2,2015-07-30
941,18,10,258.91,2,2015-07-31
942,18,11,256.12,2,2015-08-01
943,18,12,256.21,2,2015-08-02
944,18,13,256.53,2,2015-08-03
945,18,14,259.58,2,2015-08-04
946,18,15,255.48,2,2015-08-05
947,18,16,257.92,2,2015-08-06
948,18,17,257.84,2,2015-08-07
949,18,18,258.27,2,2015-08-08
950,18,19,254.36,2,2015-08-09
951,18,20,255.95,2,2015-08-10
952,18,21,259.94,2,2015-08-11
953,18,22,259.32,2,2015-08-12
954,18,23,259.07,2,2015-08-13
955,18,24,258.61,2,2015-08-14
956,18,25,257.62,2,2015-08-15
957,18,26,258.75,2,2015-08-16
958,18,27,255.7,2,2015-08-17
959,18,28,255.5,2,2015-08-18
960,18,29,254.7,2,2015-08-19
961,18,30,256.6,2,2015-08-20
962,18,31,257.67,2,2015-08-21
963,18,32,257.6,2,2015-08-22
964,18,33,255.54,2,2015-08-23
965,18,34,258.93,2,2015-08-24
966,18,35,257.67,2,2015-08-25
967,18,36,249.94,2,2015-08-26
968,18,37,250.47,2,2015-08-27
969,18,38,251.62,2,2015-08-28
970,18,39,251.28,2,2015-08-29
971,18,40,251.06,2,2015-08-30
972,18,41,251.35,2,2015-08-31
973,18,42,250.82,2,2015-09-01
974,18,43,251.27,2,2015-09-02
975,18,44,252.78,2,2015-09-03
976,18,45,253.34,2,2015-09-04
977,18,46,260.1,2,2015-09-05
978,18,47,259.06,2,2015-09-06
979,18,48,256.08,2,2015-09-07
980,18,49,256.57,2,2015-09-08
981,18,50,251.39,2,2015-09-09
982,18,51,251.84,2,2015-09-10
983,18,52,248.25,2,2015-09-11
984,18,53,247.42,2,2015-09-12
985,18,54,254.23,2,2015-09-13
986,19,0,258.25,2,2015-09-14
987,19,1,253.29,2,2015-09-15
988,19,2,252.2,2,2015-09-16
989,19,3,249.62,2,2015-09-17
990,19,4,248.92,2,2015-09-18
991,19,5,249.84,2,2015-09-19
992,19,6,255.17,2,2015-09-20
993,19,7,248.41,2,2015-09-21
994,19,8,248.15,2,2015-09-22
995,19,9,253.35,2,2015-09-23
996,19,10,248.66,2,2015-09-24
997,19,11,249.02,2,2015-09-25
998,19,12,256.99,2,2015-09-26
999,19,13,248.79,2,2015-09-27
1000,19,14,250.73,2,2015-09-28
1001,19,15,251.46,2,2015-09-29
1002,19,16,259.78,2,2015-09-30
1003,19,17,251.0,2,2015-10-01
1004,19,18,258.48,2,2015-10-02
1005,19,19,258.51,2,2015-10-03
1006,19,20,259.6,2,2015-10-04
1007,19,21,259.9,2,2015-10-05
1008,19,22,259.33,2,2015-10-06
1009,19,23,254.83,2,2015-10-07
1010,19,24,254.09,2,2015-10-08
1011,19,25,249.41,2,2015-10-09
1012,19,26,255.6,2,2015-10-10
1013,19,27,254.4,2,2015-10-11
1014,19,28,255.83,2,2015-10-12
1015,19,29,251.56,2,2015-10-13
1016,19,30,249.39,2,2015-10-14
1017,19,31,249.01,2,2015-10-15
1018,19,32,248.44,2,2015-10-16
1019,19,33,254.86,2,2015-10-17
1020,19,34,253.55,2,2015-10-18
1021,19,35,253.63,2,2015-10-19
1022,19,36,253.65,2,2015-10-20
1023,19,37,252.23,2,2015-10-21
1024,19,38,248.7,2,2015-10-22
1025,19,39,253.74,2,2015-10-23
1026,19,40,253.02,2,2015-10-24
1027,19,41,247.46,2,2015-10-25
1028,19,42,247.23,2,2015-10-26
1029,19,43,245.36,2,2015-10-27
1030,19,44,247.74,2,2015-10-28
1031,19,45,247.24,2,2015-10-29
1032,19,46,248.12,2,2015-10-30
1033,19,47,251.03,2,2015-10-31
1034,19,48,247.88,2,2015-11-01
1035,19,49,246.87,2,2015-11-02
1036,19,50,244.99,2,2015-11-03
1037,19,51,246.08,2,2015-11-04
1038,19,52,247.09,2,2015-11-05
1039,19,53,248.63,2,2015-11-06
1040,19,54,247.55,2,2015-11-07
1041,20,0,245.87,2,2015-11-08
1042,20,1,248.25,2,2015-11-09
1043,20,2,246.24,2,2015-11-10
1044,20,3,248.45,2,2015-11-11
1045,20,4,249.88,2,2015-11-12
1046,20,5,248.7,2,2015-11-13
1047,20,6,251.75,2,2015-11-14
1048,20,7,247.82,2,2015-11-15
1049,20,8,248.66,2,2015-11-16
1050,20,9,248.2,2,2015-11-17
1051,20,10,248.4,2,2015-11-18
1052,20,11,250.13,2,2015-11-19
1053,20,12,248.2,2,2015-11-20
1054,20,13,248.54,2,2015-11-21
1055,20,14,247.35,2,2015-11-22
1056,20,15,248.24,2,2015-11-23
1057,20,16,248.31,2,2015-11-24
1058,20,17,247.75,2,2015-11-25
1059,20,18,246.18,2,2015-11-26
1060,20,19,243.04,2,2015-11-27
1061,20,20,249.39,2,2015-11-28
1062,20,21,245.67,2,2015-11-29
1063,20,22,242.36,2,2015-11-30
1064,20,23,245.67,2,2015-12-01
1065,20,24,245.38,2,2015-12-02
1066,20,25,244.45,2,2015-12-03
1067,20,26,245.45,2,2015-12-04
1068,20,27,249.83,2,2015-12-05
1069,20,28,243.88,2,2015-12-06
1070,20,29,241.61,2,2015-12-07
1071,20,30,247.18,2,2015-12-08
1072,20,31,246.22,2,2015-12-09
1073,20,32,243.43,2,2015-12-10
1074,20,33,249.71,2,2015-12-11
1075,20,34,240.84,2,2015-12-12
1076,20,35,242.81,2,2015-12-13
1077,20,36,241.8,2,2015-12-14
1078,20,37,241.89,2,2015-12-15
1079,20,38,241.89,2,2015-12-16
1080,20,39,242.43,2,2015-12-17
1081,20,40,249.54,2,2015-12-18
1082,20,41,241.98,2,2015-12-19
1083,20,42,239.43,2,2015-12-20
1084,20,43,243.9,2,2015-12-21
1085,20,44,240.73,2,2015-12-22
1086,20,45,241.4,2,2015-12-23
1087,20,46,246.28,2,2015-12-24
1088,20,47,241.27,2,2015-12-25
1089,20,48,240.56,2,2015-12-26
1090,20,49,243.92,2,2015-12-27
1091,20,50,245.55,2,2015-12-28
1092,20,51,241.17,2,2015-12-29
1093,20,52,246.16,2,2015-12-30
1094,20,53,243.65,2,2015-12-31
1095,20,54,243.39,2,2016-01-01
1096,21,0,235.51,2,2016-01-02
1097,21,1,237.98,2,2016-01-03
1098,21,2,240.0,2,2016-01-04
1099,21,3,247.61,2,2016-01-05
1100,21,4,244.94,2,2016-01-06
1101,21,5,236.6,2,2016-01-07
1102,21,6,241.58,2,2016-01-08
1103,21,7,240.61,2,2016-01-09
1104,21,8,246.14,2,2016-01-10
1105,21,9,241.4,2,2016-01-11
1106,21,10,248.33,2,2016-01-12
1107,21,11,249.71,2,2016-01-13
1108,21,12,241.9,2,2016-01-14
1109,21,13,246.26,2,2016-01-15
1110,21,14,247.36,2,2016-01-16
1111,21,15,245.64,2,2016-01-17
1112,21,16,246.2,2,2016-01-18
1113,21,17,245.57,2,2016-01-19
1114,21,18,243.22,2,2016-01-20
1115,21,19,245.18,2,2016-01-21
1116,21,20,241.57,2,2016-01-22
1117,21,21,246.03,2,2016-01-23
1118,21,22,245.73,2,2016-01-24
1119,21,23,244.44,2,2016-01-25
1120,21,24,241.4,2,2016-01-26
1121,21,25,245.77,2,2016-01-27
1122,21,26,244.37,2,2016-01-28
1123,21,27,244.09,2,2016-01-29
1124,21,28,246.79,2,2016-01-30
1125,21,29,245.67,2,2016-01-31
1126,21,30,241.42,2,2016-02-01
1127,21,31,240.49,2,2016-02-02
1128,21,32,243.6,2,2016-02-03
1129,21,33,243.16,2,2016-02-04
1130,21,34,247.25,2,2016-02-05
1131,21,35,242.81,2,2016-02-06
1132,21,36,243.97,2,2016-02-07
1133,21,37,243.77,2,2016-02-08
1134,21,38,248.69,2,2016-02-09
1135,21,39,248.13,2,2016-02-10
1136,21,40,247.47,2,2016-02-11
1137,21,41,246.34,2,2016-02-12
1138,21,42,245.6,2,2016-02-13
1139,21,43,247.6,2,2016-02-14
1140,21,44,249.02,2,2016-02-15
1141,21,45,246.47,2,2016-02-16
1142,21,46,247.67,2,2016-02-17
1143,21,47,247.76,2,2016-02-18
1144,21,48,242.02,2,2016-02-19
1145,21,49,243.39,2,2016-02-20
1146,21,50,248.2,2,2016-02-21
1147,21,51,244.36,2,2016-02-22
1148,21,52,245.03,2,2016-02-23
1149,21,53,241.68,2,2016-02-24
1150,21,54,238.84,2,2016-02-25
1151,22,0,241.74,2,2016-02-26
1152,22,1,244.02,2,2016-02-27
1153,22,2,243.45,2,2016-02-28
1154,22,3,243.2,2,2016-02-29
1155,22,4,246.71,2,2016-03-01
1156,22,5,242.68,2,2016-03-02
1157,22,6,242.97,2,2016-03-03
1158,22,7,247.13,2,2016-03-04
1159,22,8,243.63,2,2016-03-05
1160,22,9,242.69,2,2016-03-06
1161,22,10,243.99,2,2016-03-07
1162,22,11,244.34,2,2016-03-08
1163,22,12,242.62,2,2016-03-09
1164,22,13,243.04,2,2016-03-10
1165,22,14,243.6,2,2016-03-11
1166,22,15,245.24,2,2016-03-12
1167,22,16,243.35,2,2016-03-13
1168,22,17,243.52,2,2016-03-14
1169,22,18,241.73,2,2016-03-15
1170,22,19,243.66,2,2016-03-16
1171,22,20,243.93,2,2016-03-17
1172,22,21,247.91,2,2016-03-18
1173,22,22,243.81,2,2016-03-19
1174,22,23,245.33,2,2016-03-20
1175,22,24,244.94,2,2016-03-21
1176,22,25,243.12,2,2016-03-22
1177,22,26,244.5,2,2016-03-23
1178,22,27,245.51,2,2016-03-24
1179,22,28,243.97,2,2016-03-25
1180,22,29,246.64,2,2016-03-26
1181,22,30,239.98,2,2016-03-27
1182,22,31,244.97,2,2016-03-28
1183,22,32,245.24,2,2016-03-29
1184,22,33,240.56,2,2016-03-30
1185,22,34,245.2,2,2016-03-31
1186,22,35,244.3,2,2016-04-01
1187,22,36,246.83,2,2016-04-02
1188,22,37,243.37,2,2016-04-03
1189,22,38,250.84,2,2016-04-04
1190,22,39,249.73,2,2016-04-05
1191,22,40,246.02,2,2016-04-06
1192,22,41,251.4,2,2016-04-07
1193,22,42,245.83,2,2016-04-08
1194,22,43,243.04,2,2016-04-09
1195,22,44,243.36,2,2016-04-10
1196,22,45,243.77,2,2016-04-11
1197,22,46,244.24,2,2016-04-12
1198,22,47,243.36,2,2016-04-13
1199,22,48,248.48,2,2016-04-14
1200,22,49,247.18,2,2016-04-15
1201,22,50,255.46,2,2016-04-16
1202,22,51,255.61,2,2016-04-17
1203,22,52,250.2,2,2016-04-18
1204,22,53,248.15,2,2016-04-19
1205,22,54,252.08,2,2016-04-20
1206,23,0,252.82,2,2016-04-21
1207,23,1,253.5,2,2016-04-22
1208,23,2,253.05,2,2016-04-23
1209,23,3,245.16,2,2016-04-24
1210,23,4,243.25,2,2016-04-25
1211,23,5,243.76,2,2016-04-26
1212,23,6,249.18,2,2016-04-27
1213,23,7,249.44,2,2016-04-28
1214,23,8,256.99,2,2016-04-29
1215,23,9,250.57,2,2016-04-30
1216,23,10,251.11,2,2016-05-01
1217,23,11,256.22,2,2016-05-02
1218,23,12,252.79,2,2016-05-03
1219,23,13,252.89,2,2016-05-04
1220,23,14,256.53,2,2016-05-05
1221,23,15,252.56,2,2016-05-06
1222,23,16,252.65,2,2016-05-07
1223,23,17,253.24,2,2016-05-08
1224,23,18,250.43,2,2016-05-09
1225,23,19,250.89,2,2016-05-10
1226,23,20,256.24,2,2016-05-11
1227,23,21,252.92,2,2016-05-12
1228,23,22,248.15,2,2016-05-13
1229,23,23,248.64,2,2016-05-14
1230,23,24,255.6,2,2016-05-15
1231,23,25,252.12,2,2016-05-16
1232,23,26,256.48,2,2016-05-17
1233,23,27,252.19,2,2016-05-18
1234,23,28,248.58,2,2016-05-19
1235,23,29,247.26,2,2016-05-20
1236,23,30,251.71,2,2016-05-21
1237,23,31,252.84,2,2016-05-22
1238,23,32,250.45,2,2016-05-23
1239,23,33,245.48,2,2016-05-24
1240,23,34,251.16,2,2016-05-25
1241,23,35,252.36,2,2016-05-26
1242,23,36,254.87,2,2016-05-27
1243,23,37,260.84,2,2016-05-28
1244,23,38,263.03,2,2016-05-29
1245,23,39,257.21,2,2016-05-30
1246,23,40,257.33,2,2016-05-31
1247,23,41,258.16,2,2016-06-01
1248,23,42,254.07,2,2016-06-02
1249,23,43,257.77,2,2016-06-03
1250,23,44,257.95,2,2016-06-04
1251,23,45,265.3,2,2016-06-05
1252,23,46,262.91,2,2016-06-06
1253,23,47,256.59,2,2016-06-07
1254,23,48,261.81,2,2016-06-08
1255,23,49,262.14,2,2016-06-09
1256,23,50,263.38,2,2016-06-10
1257,23,51,257.86,2,2016-06-11
1258,23,52,257.06,2,2016-06-12
1259,23,53,264.13,2,2016-06-13
1260,23,54,260.58,2,2016-06-14
1261,24,0,256.0,2,2016-06-15
1262,24,1,254.22,2,2016-06-16
1263,24,2,254.56,2,2016-06-17
1264,24,3,260.38,2,2016-06-18
1265,24,4,254.4,2,2016-06-19
1266,24,5,255.65,2,2016-06-20
1267,24,6,257.44,2,2016-06-21
1268,24,7,255.34,2,2016-06-22
1269,24,8,261.41,2,2016-06-23
1270,24,9,254.52,2,2016-06-24
1271,24,10,255.07,2,2016-06-25
1272,24,11,256.51,2,2016-06-26
1273,24,12,256.62,2,2016-06-27
1274,24,13,264.71,2,2016-06-28
1275,24,14,265.67,2,2016-06-29
1276,24,15,259.61,2,2016-06-30
1277,24,16,253.15,2,2016-07-01
1278,24,17,255.13,2,2016-07-02
1279,24,18,256.01,2,2016-07-03
1280,24,19,254.86,2,2016-07-04
1281,24,20,260.3,2,2016-07-05
1282,24,21,263.75,2,2016-07-06
1283,24,22,258.94,2,2016-07-07
1284,24,23,268.17,2,2016-07-08
1285,24,24,265.99,2,2016-07-09
1286,24,25,267.78,2,2016-07-10
1287,24,26,259.96,2,2016-07-11
1288,24,27,267.46,2,2016-07-12
1289,24,28,254.61,2,2016-07-13
1290,24,29,257.33,2,2016-07-14
1291,24,30,259.56,2,2016-07-15
1292,24,31,255.09,2,2016-07-16
1293,24,32,256.1,2,2016-07-17
1294,24,33,255.69,2,2016-07-18
1295,24,34,258.56,2,2016-07-19
1296,24,35,256.96,2,2016-07-20
1297,24,36,257.65,2,2016-07-21
1298,24,37,257.29,2,2016-07-22
1299,24,38,259.19,2,2016-07-23
1300,24,39,257.51,2,2016-07-24
1301,24,40,274.53,2,2016-07-25
1302,24,41,272.24,2,2016-07-26
1303,24,42,271.1,2,2016-07-27
1304,24,43,268.14,2,2016-07-28
1305,24,44,270.69,2,2016-07-29
1306,24,45,266.37,2,2016-07-30
1307,24,46,270.91,2,2016-07-31
1308,24,47,272.72,2,2016-08-01
1309,24,48,273.52,2,2016-08-02
1310,24,49,273.15,2,2016-08-03
1311,24,50,263.63,2,2016-08-04
1312,24,51,266.07,2,2016-08-05
1313,24,52,265.92,2,2016-08-06
1314,24,53,264.85,2,2016-08-07
1315,24,54,276.05,2,2016-08-08
1316,25,0,275.93,2,2016-08-09
1317,25,1,269.34,2,2016-08-10
1318,25,2,272.57,2,2016-08-11
1319,25,3,276.07,2,2016-08-12
1320,25,4,277.81,2,2016-08-13
1321,25,5,213.81,2,2016-08-14
1322,25,14,276.96,2,2016-08-15
1323,25,15,273.89,2,2016-08-16
1324,25,16,275.79,2,2016-08-17
1325,25,17,269.57,2,2016-08-18
1326,25,18,261.21,2,2016-08-19
1327,25,19,263.42,2,2016-08-20
1328,25,20,262.29,2,2016-08-21
1329,25,21,272.21,2,2016-08-22
1330,25,22,262.64,2,2016-08-23
1331,25,23,263.45,2,2016-08-24
1332,25,24,262.24,2,2016-08-25
1333,25,25,264.11,2,2016-08-26
1334,25,26,280.21,2,2016-08-27
1335,25,27,279.34,2,2016-08-28
1336,25,28,276.9,2,2016-08-29
1337,25,29,278.2,2,2016-08-30
1338,25,30,275.99,2,2016-08-31
1339,25,31,281.53,2,2016-09-01
1340,25,32,270.04,2,2016-09-02
1341,25,33,264.71,2,2016-09-03
1342,25,34,264.72,2,2016-09-04
1343,25,35,265.9,2,2016-09-05
1344,25,36,264.98,2,2016-09-06
1345,25,37,264.14,2,2016-09-07
1346,25,38,264.46,2,2016-09-08
1347,25,39,264.35,2,2016-09-09
1348,25,40,263.24,2,2016-09-10
1349,25,41,264.9,2,2016-09-11
1350,25,42,266.56,2,2016-09-12
1351,25,43,281.53,2,2016-09-13
1352,25,44,277.43,2,2016-09-14
1353,25,45,277.87,2,2016-09-15
1354,25,46,278.02,2,2016-09-16
1355,25,47,280.38,2,2016-09-17
1356,25,48,280.45,2,2016-09-18
1357,25,49,279.05,2,2016-09-19
1358,25,50,273.25,2,2016-09-20
1359,25,51,276.53,2,2016-09-21
1360,25,52,276.79,2,2016-09-22
1361,25,53,280.03,2,2016-09-23
1362,25,54,285.81,2,2016-09-24
1363,26,0,279.63,2,2016-09-25
1364,26,1,277.84,2,2016-09-26
1365,26,2,276.7,2,2016-09-27
1366,26,3,271.0,2,2016-09-28
1367,26,4,272.04,2,2016-09-29
1368,26,5,278.05,2,2016-09-30
1369,26,6,273.66,2,2016-10-01
1370,26,7,279.09,2,2016-10-02
1371,26,8,276.16,2,2016-10-03
1372,26,9,277.36,2,2016-10-04
1373,26,10,277.96,2,2016-10-05
1374,26,11,278.32,2,2016-10-06
1375,26,12,278.36,2,2016-10-07
1376,26,13,277.75,2,2016-10-08
1377,26,14,279.3,2,2016-10-09
1378,26,15,275.5,2,2016-10-10
1379,26,16,268.36,2,2016-10-11
1380,26,17,272.21,2,2016-10-12
1381,26,18,267.37,2,2016-10-13
1382,26,19,272.64,2,2016-10-14
1383,26,20,270.67,2,2016-10-15
1384,26,21,268.78,2,2016-10-16
1385,26,22,263.87,2,2016-10-17
1386,26,23,267.4,2,2016-10-18
1387,26,24,271.49,2,2016-10-19
1388,26,25,267.07,2,2016-10-20
1389,26,26,269.75,2,2016-10-21
1390,26,27,266.98,2,2016-10-22
1391,26,28,268.73,2,2016-10-23
1392,26,29,271.1,2,2016-10-24
1393,26,30,272.98,2,2016-10-25
1394,26,31,274.71,2,2016-10-26
1395,26,32,277.23,2,2016-10-27
1396,26,33,278.05,2,2016-10-28
1397,26,34,277.0,2,2016-10-29
1398,26,35,275.23,2,2016-10-30
1399,26,36,274.43,2,2016-10-31
1400,26,37,274.2,2,2016-11-01
1401,26,38,272.6,2,2016-11-02
1402,26,39,274.24,2,2016-11-03
1403,26,40,276.2,2,2016-11-04
1404,26,41,273.89,2,2016-11-05
1405,26,42,274.23,2,2016-11-06
1406,26,43,275.55,2,2016-11-07
1407,26,44,274.3,2,2016-11-08
1408,26,45,272.43,2,2016-11-09
1409,26,46,276.99,2,2016-11-10
1410,26,47,271.68,2,2016-11-11
1411,26,48,266.92,2,2016-11-12
1412,26,49,267.12,2,2016-11-13
1413,26,50,265.46,2,2016-11-14
1414,26,51,262.5,2,2016-11-15
1415,26,52,264.02,2,2016-11-16
1416,26,53,262.43,2,2016-11-17
1417,26,54,261.16,2,2016-11-18
1418,27,0,264.58,2,2016-11-19
1419,27,1,263.65,2,2016-11-20
1420,27,2,265.21,2,2016-11-21
1421,27,3,266.48,2,2016-11-22
1422,27,4,263.86,2,2016-11-23
1423,27,5,270.14,2,2016-11-24
1424,27,6,268.51,2,2016-11-25
1425,27,7,277.12,2,2016-11-26
1426,27,8,273.1,2,2016-11-27
1427,27,9,274.94,2,2016-11-28
1428,27,10,270.64,2,2016-11-29
1429,27,11,273.73,2,2016-11-30
1430,27,12,270.85,2,2016-12-01
1431,27,13,270.02,2,2016-12-02
1432,27,14,271.23,2,2016-12-03
1433,27,15,274.83,2,2016-12-04
1434,27,16,274.66,2,2016-12-05
1435,27,17,273.75,2,2016-12-06
1436,27,18,271.6,2,2016-12-07
1437,27,19,271.47,2,2016-12-08
1438,27,20,271.76,2,2016-12-09
1439,27,21,275.74,2,2016-12-10
1440,27,22,270.64,2,2016-12-11
1441,27,23,275.35,2,2016-12-12
1442,27,24,261.45,2,2016-12-13
1443,27,25,279.07,2,2016-12-14
1444,27,26,267.41,2,2016-12-15
1445,27,27,268.02,2,2016-12-16
1446,27,28,267.84,2,2016-12-17
1447,27,29,261.08,2,2016-12-18
1448,27,30,262.57,2,2016-12-19
1449,27,31,261.89,2,2016-12-20
1450,27,32,268.86,2,2016-12-21
1451,27,33,264.37,2,2016-12-22
1452,27,34,263.28,2,2016-12-23
1453,27,35,263.91,2,2016-12-24
1454,27,36,271.11,2,2016-12-25
1455,27,37,259.79,2,2016-12-26
1456,27,38,265.08,2,2016-12-27
1457,27,39,266.07,2,2016-12-28
1458,27,40,260.08,2,2016-12-29
1459,27,41,267.22,2,2016-12-30
1460,27,42,270.11,2,2016-12-31
1461,27,43,265.39,2,2017-01-01
1462,27,44,269.34,2,2017-01-02
1463,27,45,264.21,2,2017-01-03
1464,27,46,265.38,2,2017-01-04
1465,27,47,262.8,2,2017-01-05
1466,27,48,261.13,2,2017-01-06
1467,27,49,261.1,2,2017-01-07
1468,27,50,271.58,2,2017-01-08
1469,27,51,268.44,2,2017-01-09
1470,27,52,266.93,2,2017-01-10
1471,27,53,260.28,2,2017-01-11
1472,27,54,264.34,2,2017-01-12
1473,28,0,265.08,2,2017-01-13
1474,28,1,269.66,2,2017-01-14
1475,28,2,264.59,2,2017-01-15
1476,28,3,264.53,2,2017-01-16
1477,28,4,264.04,2,2017-01-17
1478,28,5,265.48,2,2017-01-18
1479,28,6,267.3,2,2017-01-19
1480,28,7,267.4,2,2017-01-20
1481,28,8,268.34,2,2017-01-21
1482,28,9,268.01,2,2017-01-22
1483,28,10,266.18,2,2017-01-23
1484,28,11,261.57,2,2017-01-24
1485,28,12,265.86,2,2017-01-25
1486,28,13,268.41,2,2017-01-26
1487,28,14,267.68,2,2017-01-27
1488,28,15,266.61,2,2017-01-28
1489,28,16,266.36,2,2017-01-29
1490,28,17,267.21,2,2017-01-30
1491,28,18,267.67,2,2017-01-31
1492,28,19,267.49,2,2017-02-01
1493,28,20,268.81,2,2017-02-02
1494,28,21,265.86,2,2017-02-03
1495,28,22,269.43,2,2017-02-04
1496,28,23,268.39,2,2017-02-05
1497,28,24,269.81,2,2017-02-06
1498,28,25,272.81,2,2017-02-07
1499,28,26,272.6,2,2017-02-08
1500,28,27,265.11,2,2017-02-09
1501,28,28,270.2,2,2017-02-10
1502,28,29,268.17,2,2017-02-11
1503,28,30,269.28,2,2017-02-12
1504,28,31,266.73,2,2017-02-13
1505,28,32,268.21,2,2017-02-14
1506,28,33,271.34,2,2017-02-15
1507,28,34,267.22,2,2017-02-16
1508,28,35,271.18,2,2017-02-17
1509,28,36,270.44,2,2017-02-18
1510,28,37,271.45,2,2017-02-19
1511,28,38,272.54,2,2017-02-20
1512,28,39,273.19,2,2017-02-21
1513,28,40,269.53,2,2017-02-22
1514,28,41,271.11,2,2017-02-23
1515,28,42,270.61,2,2017-02-24
1516,28,43,272.43,2,2017-02-25
1517,28,44,271.93,2,2017-02-26
1518,28,45,267.15,2,2017-02-27
1519,28,46,265.02,2,2017-02-28
1520,28,47,266.45,2,2017-03-01
1521,28,48,265.46,2,2017-03-02
1522,28,49,269.2,2,2017-03-03
1523,28,50,266.04,2,2017-03-04
1524,28,51,266.03,2,2017-03-05
1525,28,52,270.06,2,2017-03-06
1526,28,53,267.44,2,2017-03-07
1527,28,54,266.39,2,2017-03-08
1528,29,0,261.24,2,2017-03-09
1529,29,1,258.05,2,2017-03-10
1530,29,2,262.06,2,2017-03-11
1531,29,3,259.01,2,2017-03-12
1532,29,4,266.0,2,2017-03-13
1533,29,5,266.13,2,2017-03-14
1534,29,6,225.85,2,2017-03-15
1535,29,7,256.83,2,2017-03-16
1536,29,8,262.58,2,2017-03-17
1537,29,9,263.7,2,2017-03-18
1538,29,10,264.75,2,2017-03-19
1539,29,11,264.95,2,2017-03-20
1540,29,12,264.08,2,2017-03-21
1541,29,13,265.5,2,2017-03-22
1542,29,14,266.93,2,2017-03-23
1543,29,15,263.91,2,2017-03-24
1544,29,16,264.7,2,2017-03-25
1545,29,17,258.25,2,2017-03-26
1546,29,18,264.86,2,2017-03-27
1547,29,19,262.25,2,2017-03-28
1548,29,20,266.22,2,2017-03-29
1549,29,21,265.01,2,2017-03-30
1550,29,22,261.95,2,2017-03-31
1551,29,23,264.75,2,2017-04-01
1552,29,24,265.56,2,2017-04-02
1553,29,25,265.48,2,2017-04-03
1554,29,26,266.74,2,2017-04-04
1555,29,27,265.59,2,2017-04-05
1556,29,28,269.5,2,2017-04-06
1557,29,29,268.59,2,2017-04-07
1558,29,30,267.94,2,2017-04-08
1559,29,31,265.5,2,2017-04-09
1560,29,32,256.83,2,2017-04-10
1561,29,33,263.77,2,2017-04-11
1562,29,34,264.18,2,2017-04-12
1563,29,35,265.09,2,2017-04-13
1564,29,36,263.69,2,2017-04-14
1565,29,37,265.66,2,2017-04-15
1566,29,38,258.65,2,2017-04-16
1567,29,39,259.26,2,2017-04-17
1568,29,40,262.87,2,2017-04-18
1569,29,41,258.82,2,2017-04-19
1570,29,42,261.42,2,2017-04-20
1571,29,43,268.66,2,2017-04-21
1572,29,44,258.9,2,2017-04-22
1573,29,45,257.48,2,2017-04-23
1574,29,46,256.94,2,2017-04-24
1575,29,47,260.98,2,2017-04-25
1576,29,48,254.71,2,2017-04-26
1577,29,49,254.66,2,2017-04-27
1578,29,50,254.1,2,2017-04-28
1579,29,51,257.83,2,2017-04-29
1580,29,52,270.29,2,2017-04-30
1581,29,53,262.41,2,2017-05-01
1582,29,54,255.83,2,2017-05-02
1583,30,0,266.78,2,2017-05-03
1584,30,1,268.31,2,2017-05-04
1585,30,2,268.17,2,2017-05-05
1586,30,3,270.29,2,2017-05-06
1587,30,4,267.73,2,2017-05-07
1588,30,5,264.27,2,2017-05-08
1589,30,6,267.17,2,2017-05-09
1590,30,7,264.46,2,2017-05-10
1591,30,8,264.35,2,2017-05-11
1592,30,9,269.07,2,2017-05-12
1593,30,10,261.95,2,2017-05-13
1594,30,11,259.25,2,2017-05-14
1595,30,12,266.13,2,2017-05-15
1596,30,13,267.79,2,2017-05-16
1597,30,14,266.62,2,2017-05-17
1598,30,15,268.01,2,2017-05-18
1599,30,16,267.72,2,2017-05-19
1600,30,17,262.62,2,2017-05-20
1601,30,18,264.95,2,2017-05-21
1602,30,19,261.97,2,2017-05-22
1603,30,20,259.74,2,2017-05-23
1604,30,21,259.95,2,2017-05-24
1605,30,22,259.18,2,2017-05-25
1606,30,23,259.6,2,2017-05-26
1607,30,24,258.83,2,2017-05-27
1608,30,25,258.59,2,2017-05-28
1609,30,26,256.65,2,2017-05-29
1610,30,27,261.11,2,2017-05-30
1611,30,28,262.92,2,2017-05-31
1612,30,29,258.91,2,2017-06-01
1613,30,30,259.02,2,2017-06-02
1614,30,31,258.81,2,2017-06-03
1615,30,32,249.02,2,2017-06-04
1616,30,33,260.97,2,2017-06-05
1617,30,34,261.21,2,2017-06-06
1618,30,35,259.94,2,2017-06-07
1619,30,36,258.97,2,2017-06-08
1620,30,37,256.66,2,2017-06-09
1621,30,38,257.06,2,2017-06-10
1622,30,39,259.67,2,2017-06-11
1623,30,40,257.09,2,2017-06-12
1624,30,41,260.06,2,2017-06-13
1625,30,42,261.01,2,2017-06-14
1626,30,43,261.56,2,2017-06-15
1627,30,44,260.01,2,2017-06-16
1628,30,45,256.79,2,2017-06-17
1629,30,46,253.88,2,2017-06-18
1630,30,47,253.34,2,2017-06-19
1631,30,48,260.6,2,2017-06-20
1632,30,49,259.75,2,2017-06-21
1633,30,50,258.41,2,2017-06-22
1634,30,51,260.04,2,2017-06-23
1635,30,52,261.16,2,2017-06-24
1636,30,53,262.01,2,2017-06-25
1637,30,54,263.78,2,2017-06-26
1638,31,0,260.22,2,2017-06-27
1639,31,1,262.64,2,2017-06-28
1640,31,2,262.9,2,2017-06-29
1641,31,3,258.35,2,2017-06-30
1642,31,4,256.51,2,2017-07-01
1643,31,5,251.63,2,2017-07-02
1644,31,6,258.38,2,2017-07-03
1645,31,7,257.2,2,2017-07-04
1646,31,8,257.44,2,2017-07-05
1647,31,9,255.26,2,2017-07-06
1648,31,10,250.67,2,2017-07-07
1649,31,11,255.21,2,2017-07-08
1650,31,12,256.38,2,2017-07-09
1651,31,13,259.93,2,2017-07-10
1652,31,14,248.76,2,2017-07-11
1653,31,15,246.11,2,2017-07-12
1654,31,16,246.66,2,2017-07-13
1655,31,17,248.41,2,2017-07-14
1656,31,18,248.72,2,2017-07-15
1657,31,19,246.57,2,2017-07-16
1658,31,20,247.75,2,2017-07-17
1659,31,21,255.04,2,2017-07-18
1660,31,22,249.25,2,2017-07-19
1661,31,23,246.78,2,2017-07-20
1662,31,24,251.29,2,2017-07-21
1663,31,25,250.95,2,2017-07-22
1664,31,26,251.94,2,2017-07-23
1665,31,27,255.31,2,2017-07-24
1666,31,28,251.91,2,2017-07-25
1667,31,29,250.96,2,2017-07-26
1668,31,30,249.71,2,2017-07-27
1669,31,31,254.82,2,2017-07-28
1670,31,32,256.27,2,2017-07-29
1671,31,33,255.35,2,2017-07-30
1672,31,34,252.0,2,2017-07-31
1673,31,35,249.54,2,2017-08-01
1674,31,36,252.34,2,2017-08-02
1675,31,37,249.54,2,2017-08-03
1676,31,38,257.28,2,2017-08-04
1677,31,39,249.38,2,2017-08-05
1678,31,40,251.3,2,2017-08-06
1679,31,41,250.74,2,2017-08-07
1680,31,42,248.11,2,2017-08-08
1681,31,43,249.66,2,2017-08-09
1682,31,44,250.99,2,2017-08-10
1683,31,45,250.64,2,2017-08-11
1684,31,46,251.75,2,2017-08-12
1685,31,47,251.78,2,2017-08-13
1686,31,48,251.92,2,2017-08-14
1687,31,49,251.91,2,2017-08-15
1688,31,50,254.16,2,2017-08-16
1689,31,51,250.44,2,2017-08-17
1690,31,52,254.28,2,2017-08-18
1691,31,53,248.01,2,2017-08-19
1692,31,54,249.59,2,2017-08-20
1693,32,0,247.08,2,2017-08-21
1694,32,1,252.78,2,2017-08-22
1695,32,2,248.26,2,2017-08-23
1696,32,3,252.31,2,2017-08-24
1697,32,4,248.73,2,2017-08-25
1698,32,5,254.22,2,2017-08-26
1699,32,6,247.87,2,2017-08-27
1700,32,7,247.0,2,2017-08-28
1701,32,8,248.61,2,2017-08-29
1702,32,9,247.1,2,2017-08-30
1703,32,10,248.24,2,2017-08-31
1704,32,11,252.65,2,2017-09-01
1705,32,12,250.25,2,2017-09-02
1706,32,13,251.27,2,2017-09-03
1707,32,14,249.93,2,2017-09-04
1708,32,15,251.11,2,2017-09-05
1709,32,16,252.0,2,2017-09-06
1710,32,17,245.53,2,2017-09-07
1711,32,18,247.17,2,2017-09-08
1712,32,19,252.1,2,2017-09-09
1713,32,20,251.75,2,2017-09-10
1714,32,21,248.2,2,2017-09-11
1715,32,22,247.0,2,2017-09-12
1716,32,23,244.36,2,2017-09-13
1717,32,24,250.89,2,2017-09-14
1718,32,25,248.84,2,2017-09-15
1719,32,26,248.7,2,2017-09-16
1720,32,27,250.0,2,2017-09-17
1721,32,28,244.26,2,2017-09-18
1722,32,29,245.98,2,2017-09-19
1723,32,30,246.51,2,2017-09-20
1724,32,31,248.43,2,2017-09-21
1725,32,32,253.71,2,2017-09-22
1726,32,33,246.21,2,2017-09-23
1727,32,34,246.35,2,2017-09-24
1728,32,35,243.34,2,2017-09-25
1729,32,36,245.84,2,2017-09-26
1730,32,37,243.77,2,2017-09-27
1731,32,38,248.98,2,2017-09-28
1732,32,39,245.32,2,2017-09-29
1733,32,40,248.83,2,2017-09-30
1734,32,41,248.57,2,2017-10-01
1735,32,42,248.87,2,2017-10-02
1736,32,43,246.51,2,2017-10-03
1737,32,44,245.15,2,2017-10-04
1738,32,45,245.71,2,2017-10-05
1739,32,46,243.09,2,2017-10-06
1740,32,47,240.42,2,2017-10-07
1741,32,48,241.41,2,2017-10-08
1742,32,49,248.02,2,2017-10-09
1743,32,50,242.98,2,2017-10-10
1744,32,51,242.94,2,2017-10-11
1745,32,52,243.01,2,2017-10-12
1746,32,53,246.31,2,2017-10-13
1747,32,54,244.44,2,2017-10-14
1748,33,0,243.06,2,2017-10-15
1749,33,1,245.17,2,2017-10-16
1750,33,2,245.16,2,2017-10-17
1751,33,3,246.19,2,2017-10-18
1752,33,4,246.11,2,2017-10-19
1753,33,5,242.67,2,2017-10-20
1754,33,6,246.8,2,2017-10-21
1755,33,7,244.83,2,2017-10-22
1756,33,8,242.93,2,2017-10-23
1757,33,9,242.96,2,2017-10-24
1758,33,10,243.85,2,2017-10-25
1759,33,11,242.37,2,2017-10-26
1760,33,12,243.55,2,2017-10-27
1761,33,13,244.16,2,2017-10-28
1762,33,14,244.49,2,2017-10-29
1763,33,15,242.51,2,2017-10-30
1764,33,16,242.38,2,2017-10-31
1765,33,17,240.75,2,2017-11-01
1766,33,18,243.78,2,2017-11-02
1767,33,19,244.31,2,2017-11-03
1768,33,20,245.33,2,2017-11-04
1769,33,21,244.61,2,2017-11-05
1770,33,22,243.46,2,2017-11-06
1771,33,23,243.36,2,2017-11-07
1772,33,24,245.74,2,2017-11-08
1773,33,25,248.47,2,2017-11-09
1774,33,26,240.08,2,2017-11-10
1775,33,27,240.27,2,2017-11-11
1776,33,28,238.72,2,2017-11-12
1777,33,29,240.26,2,2017-11-13
1778,33,30,245.99,2,2017-11-14
1779,33,31,240.07,2,2017-11-15
1780,33,32,244.97,2,2017-11-16
1781,33,33,240.61,2,2017-11-17
1782,33,34,244.99,2,2017-11-18
1783,33,35,241.06,2,2017-11-19
1784,33,36,240.33,2,2017-11-20
1785,33,37,242.27,2,2017-11-21
1786,33,38,240.35,2,2017-11-22
1787,33,39,239.58,2,2017-11-23
1788,33,40,245.47,2,2017-11-24
1789,33,41,242.72,2,2017-11-25
1790,33,42,244.12,2,2017-11-26
1791,33,43,243.34,2,2017-11-27
1792,33,44,244.48,2,2017-11-28
1793,33,45,245.46,2,2017-11-29
1794,33,46,244.36,2,2017-11-30
1795,33,47,243.04,2,2017-12-01
1796,33,48,243.82,2,2017-12-02
1797,33,49,245.34,2,2017-12-03
1798,33,50,243.64,2,2017-12-04
1799,33,51,244.78,2,2017-12-05
1800,33,52,244.86,2,2017-12-06
1801,33,53,240.08,2,2017-12-07
1802,33,54,242.29,2,2017-12-08
1803,34,0,240.24,2,2017-12-09
1804,34,1,240.29,2,2017-12-10
1805,34,2,242.84,2,2017-12-11
1806,34,3,240.13,2,2017-12-12
1807,34,4,242.79,2,2017-12-13
1808,34,5,241.91,2,2017-12-14
1809,34,6,240.6,2,2017-12-15
1810,34,7,243.09,2,2017-12-16
1811,34,8,247.36,2,2017-12-17
1812,34,9,247.92,2,2017-12-18
1813,34,10,245.53,2,2017-12-19
1814,34,11,244.61,2,2017-12-20
1815,34,12,245.72,2,2017-12-21
1816,34,13,241.24,2,2017-12-22
1817,34,14,248.67,2,2017-12-23
1818,34,15,243.8,2,2017-12-24
1819,34,16,244.38,2,2017-12-25
1820,34,17,248.98,2,2017-12-26
1821,34,18,246.75,2,2017-12-27
1822,34,19,245.93,2,2017-12-28
1823,34,20,247.28,2,2017-12-29
1824,34,21,247.13,2,2017-12-30
1825,34,22,243.83,2,2017-12-31
1826,34,23,243.63,2,2018-01-01
1827,34,24,246.47,2,2018-01-02
1828,34,25,243.18,2,2018-01-03
1829,34,26,245.64,2,2018-01-04
1830,34,27,243.9,2,2018-01-05
1831,34,28,245.02,2,2018-01-06
1832,34,29,245.07,2,2018-01-07
1833,34,30,246.57,2,2018-01-08
1834,34,31,248.83,2,2018-01-09
1835,34,32,250.09,2,2018-01-10
1836,34,33,248.19,2,2018-01-11
1837,34,34,247.02,2,2018-01-12
1838,34,35,248.5,2,2018-01-13
1839,34,36,247.71,2,2018-01-14
1840,34,37,247.92,2,2018-01-15
1841,34,38,248.69,2,2018-01-16
1842,34,39,248.56,2,2018-01-17
1843,34,40,246.65,2,2018-01-18
1844,34,41,248.27,2,2018-01-19
1845,34,42,250.11,2,2018-01-20
1846,34,43,249.16,2,2018-01-21
1847,34,44,249.4,2,2018-01-22
1848,34,45,248.6,2,2018-01-23
1849,34,46,253.32,2,2018-01-24
1850,34,47,249.42,2,2018-01-25
1851,34,48,249.02,2,2018-01-26
1852,34,49,248.39,2,2018-01-27
1853,34,50,244.92,2,2018-01-28
1854,34,51,247.72,2,2018-01-29
1855,34,52,250.61,2,2018-01-30
1856,34,53,246.49,2,2018-01-31
1857,34,54,247.98,2,2018-02-01
1858,35,0,250.69,2,2018-02-02
1859,35,1,250.08,2,2018-02-03
1860,35,2,253.25,2,2018-02-04
1861,35,3,250.46,2,2018-02-05
1862,35,4,246.3,2,2018-02-06
1863,35,5,252.57,2,2018-02-07
1864,35,6,252.59,2,2018-02-08
1865,35,7,251.66,2,2018-02-09
1866,35,8,246.42,2,2018-02-10
1867,35,9,243.7,2,2018-02-11
1868,35,10,248.92,2,2018-02-12
1869,35,11,248.95,2,2018-02-13
1870,35,12,252.9,2,2018-02-14
1871,35,13,251.94,2,2018-02-15
1872,35,14,255.16,2,2018-02-16
1873,35,15,252.45,2,2018-02-17
1874,35,16,258.0,2,2018-02-18
1875,35,17,250.24,2,2018-02-19
1876,35,18,248.08,2,2018-02-20
1877,35,19,251.31,2,2018-02-21
1878,35,20,252.03,2,2018-02-22
1879,35,21,251.48,2,2018-02-23
1880,35,22,258.96,2,2018-02-24
1881,35,23,252.96,2,2018-02-25
1882,35,24,252.56,2,2018-02-26
1883,35,25,253.16,2,2018-02-27
1884,35,26,252.87,2,2018-02-28
1885,35,27,251.72,2,2018-03-01
1886,35,28,260.24,2,2018-03-02
1887,35,29,258.65,2,2018-03-03
1888,35,30,255.95,2,2018-03-04
1889,35,31,261.16,2,2018-03-05
1890,35,32,254.71,2,2018-03-06
1891,35,33,257.92,2,2018-03-07
1892,35,34,254.23,2,2018-03-08
1893,35,35,256.0,2,2018-03-09
1894,35,36,255.21,2,2018-03-10
1895,35,37,259.54,2,2018-03-11
1896,35,38,259.21,2,2018-03-12
1897,35,39,253.46,2,2018-03-13
1898,35,40,259.81,2,2018-03-14
1899,35,41,256.02,2,2018-03-15
1900,35,42,263.83,2,2018-03-16
1901,35,43,262.57,2,2018-03-17
1902,35,44,259.64,2,2018-03-18
1903,35,45,258.7,2,2018-03-19
1904,35,46,263.81,2,2018-03-20
1905,35,47,262.38,2,2018-03-21
1906,35,48,266.31,2,2018-03-22
1907,35,49,264.93,2,2018-03-23
1908,35,50,263.17,2,2018-03-24
1909,35,51,267.56,2,2018-03-25
1910,35,52,264.27,2,2018-03-26
1911,35,53,261.54,2,2018-03-27
1912,35,54,262.41,2,2018-03-28
1913,36,0,262.18,2,2018-03-29
1914,36,1,259.05,2,2018-03-30
1915,36,2,264.3,2,2018-03-31
1916,36,3,264.32,2,2018-04-01
1917,36,4,261.12,2,2018-04-02
1918,36,5,264.04,2,2018-04-03
1919,36,6,262.8,2,2018-04-04
1920,36,7,262.61,2,2018-04-05
1921,36,8,260.82,2,2018-04-06
1922,36,9,268.5,2,2018-04-07
1923,36,10,263.84,2,2018-04-08
1924,36,11,264.88,2,2018-04-09
1925,36,12,262.71,2,2018-04-10
1926,36,13,263.21,2,2018-04-11
1927,36,14,266.42,2,2018-04-12
1928,36,15,265.67,2,2018-04-13
1929,36,16,261.25,2,2018-04-14
1930,36,17,266.14,2,2018-04-15
1931,36,18,261.53,2,2018-04-16
1932,36,19,262.84,2,2018-04-17
1933,36,20,264.22,2,2018-04-18
1934,36,21,263.89,2,2018-04-19
1935,36,22,263.18,2,2018-04-20
1936,36,23,265.25,2,2018-04-21
1937,36,24,271.51,2,2018-04-22
1938,36,25,260.73,2,2018-04-23
1939,36,26,269.53,2,2018-04-24
1940,36,27,254.49,2,2018-04-25
1941,36,28,268.41,2,2018-04-26
1942,36,29,270.5,2,2018-04-27
1943,36,30,265.73,2,2018-04-28
1944,36,31,265.15,2,2018-04-29
1945,36,32,262.57,2,2018-04-30
1946,36,33,269.82,2,2018-05-01
1947,36,34,264.05,2,2018-05-02
1948,36,35,259.75,2,2018-05-03
1949,36,36,267.13,2,2018-05-04
1950,36,37,265.74,2,2018-05-05
1951,36,38,259.86,2,2018-05-06
1952,36,39,262.71,2,2018-05-07
1953,36,40,260.45,2,2018-05-08
1954,36,41,269.67,2,2018-05-09
1955,36,42,266.77,2,2018-05-10
1956,36,43,267.56,2,2018-05-11
1957,36,44,263.31,2,2018-05-12
1958,36,45,265.72,2,2018-05-13
1959,36,46,267.04,2,2018-05-14
1960,36,47,268.54,2,2018-05-15
1961,36,48,268.84,2,2018-05-16
1962,36,49,269.04,2,2018-05-17
1963,36,50,272.38,2,2018-05-18
1964,36,51,261.21,2,2018-05-19
1965,36,52,261.73,2,2018-05-20
1966,36,53,265.44,2,2018-05-21
1967,36,54,263.07,2,2018-05-22
1968,37,0,261.32,2,2018-05-23
1969,37,1,265.68,2,2018-05-24
1970,37,2,265.74,2,2018-05-25
1971,37,3,276.47,2,2018-05-26
1972,37,4,274.34,2,2018-05-27
1973,37,5,276.87,2,2018-05-28
1974,37,6,274.39,2,2018-05-29
1975,37,7,273.87,2,2018-05-30
1976,37,8,273.81,2,2018-05-31
1977,37,9,276.24,2,2018-06-01
1978,37,10,276.94,2,2018-06-02
1979,37,11,276.11,2,2018-06-03
1980,37,12,277.77,2,2018-06-04
1981,37,13,275.54,2,2018-06-05
1982,37,14,278.02,2,2018-06-06
1983,37,15,277.66,2,2018-06-07
1984,37,16,278.11,2,2018-06-08
1985,37,17,278.27,2,2018-06-09
1986,37,18,275.08,2,2018-06-10
1987,37,19,276.68,2,2018-06-11
1988,37,20,277.57,2,2018-06-12
1989,37,21,274.46,2,2018-06-13
1990,37,22,274.7,2,2018-06-14
1991,37,23,274.79,2,2018-06-15
1992,37,24,277.44,2,2018-06-16
1993,37,25,277.1,2,2018-06-17
1994,37,26,275.34,2,2018-06-18
1995,37,27,276.86,2,2018-06-19
1996,37,28,279.46,2,2018-06-20
1997,37,29,279.24,2,2018-06-21
1998,37,30,279.03,2,2018-06-22
1999,37,31,276.21,2,2018-06-23
2000,37,32,276.34,2,2018-06-24
2001,37,33,273.49,2,2018-06-25
2002,37,34,273.99,2,2018-06-26
2003,37,35,276.34,2,2018-06-27
2004,37,36,274.38,2,2018-06-28
2005,37,37,268.23,2,2018-06-29
2006,37,38,257.78,2,2018-06-30
2007,37,39,256.12,2,2018-07-01
2008,37,40,251.5,2,2018-07-02
2009,37,41,247.24,2,2018-07-03
2010,37,42,247.46,2,2018-07-04
2011,37,43,245.05,2,2018-07-05
2012,37,44,248.64,2,2018-07-06
2013,37,45,245.6,2,2018-07-07
2014,37,46,250.58,2,2018-07-08
2015,37,47,250.56,2,2018-07-09
2016,37,48,247.57,2,2018-07-10
2017,37,49,249.83,2,2018-07-11
2018,37,50,244.48,2,2018-07-12
2019,37,51,248.07,2,2018-07-13
2020,37,52,250.24,2,2018-07-14
2021,37,53,249.61,2,2018-07-15
2022,37,54,250.02,2,2018-07-16
2023,38,0,248.52,2,2018-07-17
2024,38,1,243.61,2,2018-07-18
2025,38,2,250.08,2,2018-07-19
2026,38,3,250.64,2,2018-07-20
2027,38,4,245.06,2,2018-07-21
2028,38,5,248.59,2,2018-07-22
2029,38,6,245.48,2,2018-07-23
2030,38,7,243.13,2,2018-07-24
2031,38,8,251.99,2,2018-07-25
2032,38,9,247.26,2,2018-07-26
2033,38,10,246.11,2,2018-07-27
2034,38,11,246.03,2,2018-07-28
2035,38,12,243.07,2,2018-07-29
2036,38,13,250.55,2,2018-07-30
2037,38,14,250.0,2,2018-07-31
2038,38,15,244.51,2,2018-08-01
2039,38,16,252.1,2,2018-08-02
2040,38,17,251.29,2,2018-08-03
2041,38,18,253.98,2,2018-08-04
2042,38,19,252.82,2,2018-08-05
2043,38,20,250.56,2,2018-08-06
2044,38,21,251.39,2,2018-08-07
2045,38,22,250.65,2,2018-08-08
2046,38,23,258.2,2,2018-08-09
2047,38,24,254.69,2,2018-08-10
2048,38,25,255.9,2,2018-08-11
2049,38,26,250.13,2,2018-08-12
2050,38,27,254.69,2,2018-08-13
2051,38,28,253.69,2,2018-08-14
2052,38,29,252.36,2,2018-08-15
2053,38,30,249.48,2,2018-08-16
2054,38,31,253.46,2,2018-08-17
2055,38,32,249.31,2,2018-08-18
2056,38,33,254.61,2,2018-08-19
2057,38,34,252.1,2,2018-08-20
2058,38,35,256.65,2,2018-08-21
2059,38,36,257.53,2,2018-08-22
2060,38,37,258.6,2,2018-08-23
2061,38,38,259.83,2,2018-08-24
2062,38,39,253.96,2,2018-08-25
2063,38,40,261.02,2,2018-08-26
2064,38,41,262.03,2,2018-08-27
2065,38,42,253.65,2,2018-08-28
2066,38,43,263.41,2,2018-08-29
2067,38,44,258.36,2,2018-08-30
2068,38,45,260.94,2,2018-08-31
2069,38,46,261.26,2,2018-09-01
2070,38,47,261.73,2,2018-09-02
2071,38,48,255.91,2,2018-09-03
2072,38,49,258.33,2,2018-09-04
2073,38,50,261.88,2,2018-09-05
2074,38,51,261.42,2,2018-09-06
2075,38,52,260.34,2,2018-09-07
2076,38,53,262.52,2,2018-09-08
2077,38,54,263.14,2,2018-09-09
2078,39,0,260.91,2,2018-09-10
2079,39,1,257.57,2,2018-09-11
2080,39,2,266.41,2,2018-09-12
2081,39,3,267.83,2,2018-09-13
2082,39,4,265.74,2,2018-09-14
2083,39,5,260.14,2,2018-09-15
2084,39,6,264.16,2,2018-09-16
2085,39,7,267.83,2,2018-09-17
2086,39,8,266.69,2,2018-09-18
2087,39,9,266.39,2,2018-09-19
2088,39,10,264.92,2,2018-09-20
2089,39,11,263.7,2,2018-09-21
2090,39,12,262.64,2,2018-09-22
2091,39,13,258.6,2,2018-09-23
2092,39,14,261.24,2,2018-09-24
2093,39,15,262.75,2,2018-09-25
2094,39,16,260.99,2,2018-09-26
2095,39,17,260.83,2,2018-09-27
2096,39,18,258.48,2,2018-09-28
2097,39,19,257.34,2,2018-09-29
2098,39,20,249.77,2,2018-09-30
2099,39,21,247.34,2,2018-10-01
2100,39,50,258.84,2,2018-10-02
2101,39,51,259.58,2,2018-10-03
2102,39,52,259.25,2,2018-10-04
2103,39,53,258.78,2,2018-10-05
2104,39,54,253.95,2,2018-10-06
2105,40,0,253.22,2,2018-10-07
2106,40,1,262.56,2,2018-10-08
2107,40,2,258.99,2,2018-10-09
2108,40,3,260.61,2,2018-10-10
2109,40,4,258.41,2,2018-10-11
2110,40,5,259.73,2,2018-10-12
2111,40,6,253.77,2,2018-10-13
2112,40,7,261.04,2,2018-10-14
2113,40,8,259.65,2,2018-10-15
2114,40,9,267.29,2,2018-10-16
2115,40,10,265.31,2,2018-10-17
2116,40,11,262.8,2,2018-10-18
2117,40,12,267.91,2,2018-10-19
2118,40,13,267.9,2,2018-10-20
2119,40,14,265.47,2,2018-10-21
2120,40,15,269.93,2,2018-10-22
2121,40,16,273.41,2,2018-10-23
2122,40,17,268.83,2,2018-10-24
2123,40,18,269.36,2,2018-10-25
2124,40,19,269.44,2,2018-10-26
2125,40,20,269.21,2,2018-10-27
2126,40,21,268.37,2,2018-10-28
2127,40,22,261.93,2,2018-10-29
2128,40,23,270.44,2,2018-10-30
2129,40,24,264.77,2,2018-10-31
2130,40,25,264.41,2,2018-11-01
2131,40,26,267.19,2,2018-11-02
2132,40,27,269.52,2,2018-11-03
2133,40,28,268.73,2,2018-11-04
2134,40,29,271.11,2,2018-11-05
2135,40,30,270.3,2,2018-11-06
2136,40,31,269.19,2,2018-11-07
2137,40,32,270.04,2,2018-11-08
2138,40,33,270.63,2,2018-11-09
2139,40,34,268.96,2,2018-11-10
2140,40,35,267.9,2,2018-11-11
2141,40,36,265.18,2,2018-11-12
2142,40,37,265.39,2,2018-11-13
2143,40,38,265.94,2,2018-11-14
2144,40,39,275.23,2,2018-11-15
2145,40,40,268.84,2,2018-11-16
2146,40,41,257.93,2,2018-11-17
2147,40,42,255.62,2,2018-11-18
2148,40,43,256.63,2,2018-11-19
2149,40,44,257.19,2,2018-11-20
2150,40,45,259.09,2,2018-11-21
2151,40,46,261.04,2,2018-11-22
2152,40,47,262.69,2,2018-11-23
2153,40,48,267.77,2,2018-11-24
2154,40,49,266.95,2,2018-11-25
2155,40,50,265.5,2,2018-11-26
2156,40,51,266.41,2,2018-11-27
2157,40,52,263.63,2,2018-11-28
2158,40,53,267.3,2,2018-11-29
2159,40,54,265.08,2,2018-11-30
2160,41,0,266.73,2,2018-12-01
2161,41,1,267.48,2,2018-12-02
2162,41,2,265.62,2,2018-12-03
2163,41,3,267.09,2,2018-12-04
2164,41,4,262.59,2,2018-12-05
2165,41,5,269.01,2,2018-12-06
2166,41,6,266.91,2,2018-12-07
2167,41,7,265.8,2,2018-12-08
2168,41,8,268.18,2,2018-12-09
2169,41,9,267.39,2,2018-12-10
2170,41,10,268.05,2,2018-12-11
2171,41,11,265.75,2,2018-12-12
2172,41,12,266.8,2,2018-12-13
2173,41,13,267.76,2,2018-12-14
2174,41,14,267.43,2,2018-12-15
2175,41,15,264.78,2,2018-12-16
2176,41,16,264.72,2,2018-12-17
2177,41,17,266.23,2,2018-12-18
2178,41,18,268.15,2,2018-12-19
2179,41,19,263.21,2,2018-12-20
2180,41,20,265.56,2,2018-12-21
2181,41,21,264.1,2,2018-12-22
2182,41,22,265.14,2,2018-12-23
2183,41,23,268.29,2,2018-12-24
2184,41,24,266.63,2,2018-12-25
2185,41,25,264.52,2,2018-12-26
2186,41,26,262.53,2,2018-12-27
2187,41,27,264.11,2,2018-12-28
2188,41,28,266.54,2,2018-12-29
2189,41,29,264.93,2,2018-12-30
2190,41,30,264.52,2,2018-12-31
2191,41,31,265.24,2,2019-01-01
2192,41,32,266.47,2,2019-01-02
2193,41,33,259.99,2,2019-01-03
2194,41,34,256.1,2,2019-01-04
2195,41,35,269.36,2,2019-01-05
2196,41,36,265.9,2,2019-01-06
2197,41,37,255.79,2,2019-01-07
2198,41,38,256.2,2,2019-01-08
2199,41,39,261.62,2,2019-01-09
2200,41,40,267.02,2,2019-01-10
2201,41,41,264.88,2,2019-01-11
2202,41,42,258.66,2,2019-01-12
2203,41,43,259.61,2,2019-01-13
2204,41,44,258.6,2,2019-01-14
2205,41,45,255.53,2,2019-01-15
2206,41,46,267.4,2,2019-01-16
2207,41,47,253.92,2,2019-01-17
2208,41,48,256.57,2,2019-01-18
2209,41,49,254.14,2,2019-01-19
2210,41,50,256.65,2,2019-01-20
2211,41,51,254.92,2,2019-01-21
2212,41,52,257.96,2,2019-01-22
2213,41,53,254.38,2,2019-01-23
2214,41,54,254.23,2,2019-01-24
2215,42,0,254.16,2,2019-01-25
2216,42,1,264.86,2,2019-01-26
2217,42,14,252.59,2,2019-01-27
2218,42,15,251.7,2,2019-01-28
2219,42,16,253.8,2,2019-01-29
2220,42,17,252.57,2,2019-01-30
2221,42,18,254.2,2,2019-01-31
2222,42,19,253.39,2,2019-02-01
2223,42,20,253.59,2,2019-02-02
2224,42,28,252.12,2,2019-02-03
2225,42,29,251.57,2,2019-02-04
2226,42,30,254.78,2,2019-02-05
2227,42,31,252.34,2,2019-02-06
2228,42,32,266.64,2,2019-02-07
2229,42,33,254.97,2,2019-02-08
2230,42,34,256.58,2,2019-02-09
2231,42,35,252.8,2,2019-02-10
2232,42,36,252.62,2,2019-02-11
2233,42,37,256.27,2,2019-02-12
2234,42,38,250.97,2,2019-02-13
2235,42,39,253.26,2,2019-02-14
2236,42,40,251.35,2,2019-02-15
2237,42,41,252.72,2,2019-02-16
2238,42,42,263.76,2,2019-02-17
2239,42,43,253.72,2,2019-02-18
2240,42,44,252.16,2,2019-02-19
2241,42,45,253.15,2,2019-02-20
2242,42,46,252.22,2,2019-02-21
2243,42,47,252.83,2,2019-02-22
2244,42,48,254.86,2,2019-02-23
2245,42,49,253.78,2,2019-02-24
2246,42,50,253.66,2,2019-02-25
2247,42,51,251.72,2,2019-02-26
2248,42,52,251.89,2,2019-02-27
2249,42,53,251.16,2,2019-02-28
2250,42,54,253.04,2,2019-03-01
2251,43,0,253.08,2,2019-03-02
2252,43,1,253.22,2,2019-03-03
2253,43,2,252.11,2,2019-03-04
2254,43,3,250.38,2,2019-03-05
2255,43,4,250.71,2,2019-03-06
2256,43,5,252.03,2,2019-03-07
2257,43,6,251.65,2,2019-03-08
2258,43,7,256.02,2,2019-03-09
2259,43,8,250.84,2,2019-03-10
2260,43,9,251.74,2,2019-03-11
2261,43,10,248.69,2,2019-03-12
2262,43,11,251.37,2,2019-03-13
2263,43,12,252.35,2,2019-03-14
2264,43,13,250.29,2,2019-03-15
2265,43,14,249.23,2,2019-03-16
2266,43,15,249.49,2,2019-03-17
2267,43,16,249.65,2,2019-03-18
2268,43,17,252.94,2,2019-03-19
2269,43,18,250.34,2,2019-03-20
2270,43,19,249.32,2,2019-03-21
2271,43,20,249.88,2,2019-03-22
2272,43,21,247.81,2,2019-03-23
2273,43,22,249.24,2,2019-03-24
2274,43,23,249.47,2,2019-03-25
2275,43,24,249.6,2,2019-03-26
2276,43,25,249.6,2,2019-03-27
2277,43,26,246.37,2,2019-03-28
2278,43,27,250.47,2,2019-03-29
2279,43,28,250.17,2,2019-03-30
2280,43,29,248.3,2,2019-03-31
2281,43,30,247.82,2,2019-04-01
2282,43,31,246.35,2,2019-04-02
2283,43,32,246.97,2,2019-04-03
2284,43,33,246.66,2,2019-04-04
2285,43,34,243.1,2,2019-04-05
2286,43,35,244.14,2,2019-04-06
2287,43,36,245.68,2,2019-04-07
2288,43,37,242.53,2,2019-04-08
2289,43,38,258.5,2,2019-04-09
2290,43,39,244.98,2,2019-04-10
2291,43,40,247.4,2,2019-04-11
2292,43,41,246.58,2,2019-04-12
2293,43,42,256.86,2,2019-04-13
2294,43,43,254.01,2,2019-04-14
2295,43,44,249.31,2,2019-04-15
2296,43,45,257.51,2,2019-04-16
2297,43,46,245.32,2,2019-04-17
2298,43,47,244.97,2,2019-04-18
2299,43,48,242.21,2,2019-04-19
2300,43,49,247.3,2,2019-04-20
2301,43,50,245.01,2,2019-04-21
2302,43,51,244.69,2,2019-04-22
2303,43,52,244.9,2,2019-04-23
2304,43,53,249.8,2,2019-04-24
2305,43,54,248.74,2,2019-04-25
2306,44,0,247.45,2,2019-04-26
2307,44,1,246.2,2,2019-04-27
2308,44,2,248.63,2,2019-04-28
2309,44,3,259.39,2,2019-04-29
2310,44,4,250.65,2,2019-04-30
2311,44,5,248.97,2,2019-05-01
2312,44,6,248.3,2,2019-05-02
2313,44,7,249.87,2,2019-05-03
2314,44,8,247.03,2,2019-05-04
2315,44,9,246.08,2,2019-05-05
2316,44,10,248.06,2,2019-05-06
2317,44,11,246.04,2,2019-05-07
2318,44,12,245.22,2,2019-05-08
2319,44,13,246.0,2,2019-05-09
2320,44,14,246.77,2,2019-05-10
2321,44,15,247.47,2,2019-05-11
2322,44,16,247.22,2,2019-05-12
2323,44,17,247.5,2,2019-05-13
2324,44,18,245.5,2,2019-05-14
2325,44,19,242.8,2,2019-05-15
2326,44,20,244.74,2,2019-05-16
2327,44,21,244.84,2,2019-05-17
2328,44,22,248.7,2,2019-05-18
2329,44,23,251.45,2,2019-05-19
2330,44,24,250.37,2,2019-05-20
2331,44,25,248.08,2,2019-05-21
2332,44,26,242.52,2,2019-05-22
2333,44,27,244.99,2,2019-05-23
2334,44,28,249.32,2,2019-05-24
2335,44,29,244.86,2,2019-05-25
2336,44,30,245.33,2,2019-05-26
2337,44,31,246.29,2,2019-05-27
2338,44,32,244.66,2,2019-05-28
2339,44,33,245.65,2,2019-05-29
2340,44,34,248.21,2,2019-05-30
2341,44,35,250.82,2,2019-05-31
2342,44,36,251.52,2,2019-06-01
2343,44,37,238.26,2,2019-06-02
2344,44,38,241.72,2,2019-06-03
2345,44,39,240.68,2,2019-06-04
2346,44,40,249.17,2,2019-06-05
2347,44,41,243.4,2,2019-06-06
2348,44,42,237.83,2,2019-06-07
2349,44,43,244.21,2,2019-06-08
2350,44,44,237.32,2,2019-06-09
2351,44,45,239.39,2,2019-06-10
2352,44,46,241.88,2,2019-06-11
2353,44,47,245.07,2,2019-06-12
2354,44,48,240.86,2,2019-06-13
2355,44,49,237.77,2,2019-06-14
2356,44,50,239.01,2,2019-06-15
2357,44,51,241.29,2,2019-06-16
2358,44,52,243.05,2,2019-06-17
2359,44,53,241.26,2,2019-06-18
2360,44,54,243.63,2,2019-06-19
2361,45,0,238.24,2,2019-06-20
2362,45,1,239.58,2,2019-06-21
2363,45,2,244.88,2,2019-06-22
2364,45,3,240.16,2,2019-06-23
2365,45,4,243.42,2,2019-06-24
2366,45,5,241.94,2,2019-06-25
2367,45,6,241.31,2,2019-06-26
2368,45,7,241.09,2,2019-06-27
2369,45,8,238.03,2,2019-06-28
2370,45,9,241.38,2,2019-06-29
2371,45,10,243.83,2,2019-06-30
2372,45,11,239.26,2,2019-07-01
2373,45,12,242.58,2,2019-07-02
2374,45,13,242.46,2,2019-07-03
2375,45,14,238.23,2,2019-07-04
2376,45,15,241.68,2,2019-07-05
2377,45,16,240.93,2,2019-07-06
2378,45,17,245.02,2,2019-07-07
2379,45,18,239.23,2,2019-07-08
2380,45,19,239.03,2,2019-07-09
2381,45,20,237.63,2,2019-07-10
2382,45,21,238.5,2,2019-07-11
2383,45,22,240.14,2,2019-07-12
2384,45,23,242.95,2,2019-07-13
2385,45,24,238.71,2,2019-07-14
2386,45,25,239.86,2,2019-07-15
2387,45,26,238.96,2,2019-07-16
2388,45,27,242.35,2,2019-07-17
2389,45,28,242.01,2,2019-07-18
2390,45,29,244.31,2,2019-07-19
2391,45,30,239.78,2,2019-07-20
2392,45,31,239.28,2,2019-07-21
2393,45,32,240.38,2,2019-07-22
2394,45,33,240.21,2,2019-07-23
2395,45,34,244.16,2,2019-07-24
2396,45,35,239.0,2,2019-07-25
2397,45,36,239.93,2,2019-07-26
2398,45,37,238.75,2,2019-07-27
2399,45,38,239.17,2,2019-07-28
2400,45,39,241.84,2,2019-07-29
2401,45,40,239.95,2,2019-07-30
2402,45,41,242.11,2,2019-07-31
2403,45,42,241.15,2,2019-08-01
2404,45,43,238.41,2,2019-08-02
2405,45,44,242.47,2,2019-08-03
2406,45,45,238.49,2,2019-08-04
2407,45,46,245.14,2,2019-08-05
2408,45,47,239.17,2,2019-08-06
2409,45,48,238.61,2,2019-08-07
2410,45,49,237.84,2,2019-08-08
2411,45,50,241.95,2,2019-08-09
2412,45,51,245.27,2,2019-08-10
2413,45,52,239.93,2,2019-08-11
2414,45,53,240.58,2,2019-08-12
2415,45,54,241.5,2,2019-08-13
2416,46,0,242.01,2,2019-08-14
2417,46,1,242.51,2,2019-08-15
2418,46,2,239.62,2,2019-08-16
2419,46,3,244.36,2,2019-08-17
2420,46,4,242.49,2,2019-08-18
2421,46,5,240.88,2,2019-08-19
2422,46,6,237.58,2,2019-08-20
2423,46,7,238.34,2,2019-08-21
2424,46,8,247.53,2,2019-08-22
2425,46,9,242.13,2,2019-08-23
2426,46,10,238.38,2,2019-08-24
2427,46,11,239.22,2,2019-08-25
2428,46,12,240.29,2,2019-08-26
2429,46,13,240.92,2,2019-08-27
2430,46,14,240.74,2,2019-08-28
2431,46,15,244.01,2,2019-08-29
2432,46,16,242.93,2,2019-08-30
2433,46,17,241.42,2,2019-08-31
2434,46,18,244.8,2,2019-09-01
2435,46,19,240.54,2,2019-09-02
2436,46,20,246.98,2,2019-09-03
2437,46,21,245.39,2,2019-09-04
2438,46,22,245.34,2,2019-09-05
2439,46,23,242.94,2,2019-09-06
2440,46,24,243.03,2,2019-09-07
2441,46,25,239.94,2,2019-09-08
2442,46,26,247.41,2,2019-09-09
2443,46,27,246.36,2,2019-09-10
2444,46,28,246.69,2,2019-09-11
2445,46,29,245.29,2,2019-09-12
2446,46,30,250.74,2,2019-09-13
2447,46,31,242.12,2,2019-09-14
2448,46,32,243.66,2,2019-09-15
2449,46,33,250.34,2,2019-09-16
2450,46,34,240.49,2,2019-09-17
2451,46,35,236.81,2,2019-09-18
2452,46,36,247.21,2,2019-09-19
2453,46,37,247.99,2,2019-09-20
2454,46,38,249.73,2,2019-09-21
2455,46,39,251.08,2,2019-09-22
2456,46,40,247.92,2,2019-09-23
2457,46,41,248.26,2,2019-09-24
2458,46,42,253.87,2,2019-09-25
2459,46,43,246.68,2,2019-09-26
2460,46,44,253.06,2,2019-09-27
2461,46,45,248.42,2,2019-09-28
2462,46,46,252.18,2,2019-09-29
2463,46,47,243.12,2,2019-09-30
2464,46,48,242.79,2,2019-10-01
2465,46,49,245.34,2,2019-10-02
2466,46,50,245.23,2,2019-10-03
2467,46,51,250.58,2,2019-10-04
2468,46,52,248.17,2,2019-10-05
2469,46,53,246.3,2,2019-10-06
2470,46,54,253.01,2,2019-10-07
2471,47,0,251.3,2,2019-10-08
2472,47,1,251.75,2,2019-10-09
2473,47,2,251.8,2,2019-10-10
2474,47,3,253.41,2,2019-10-11
2475,47,4,252.92,2,2019-10-12
2476,47,5,251.57,2,2019-10-13
2477,47,6,253.8,2,2019-10-14
2478,47,7,247.71,2,2019-10-15
2479,47,8,256.27,2,2019-10-16
2480,47,9,245.7,2,2019-10-17
2481,47,10,255.75,2,2019-10-18
2482,47,11,253.65,2,2019-10-19
2483,47,12,252.47,2,2019-10-20
2484,47,13,250.89,2,2019-10-21
2485,47,14,250.78,2,2019-10-22
2486,47,15,249.1,2,2019-10-23
2487,47,16,250.84,2,2019-10-24
2488,47,17,249.71,2,2019-10-25
2489,47,18,245.4,2,2019-10-26
2490,47,19,245.95,2,2019-10-27
2491,47,20,252.94,2,2019-10-28
2492,47,21,253.65,2,2019-10-29
2493,47,22,248.17,2,2019-10-30
2494,47,23,247.06,2,2019-10-31
2495,47,24,250.44,2,2019-11-01
2496,47,25,250.0,2,2019-11-02
2497,47,26,253.89,2,2019-11-03
2498,47,27,252.45,2,2019-11-04
2499,47,28,250.75,2,2019-11-05
2500,47,29,249.67,2,2019-11-06
2501,47,30,249.23,2,2019-11-07
2502,47,31,250.43,2,2019-11-08
2503,47,32,256.86,2,2019-11-09
2504,47,33,255.76,2,2019-11-10
2505,47,34,254.65,2,2019-11-11
2506,47,35,256.13,2,2019-11-12
2507,47,36,252.15,2,2019-11-13
2508,47,37,255.01,2,2019-11-14
2509,47,38,260.3,2,2019-11-15
2510,47,39,261.16,2,2019-11-16
2511,47,40,255.76,2,2019-11-17
2512,47,41,252.3,2,2019-11-18
2513,47,42,254.98,2,2019-11-19
2514,47,43,255.57,2,2019-11-20
2515,47,44,252.1,2,2019-11-21
2516,47,45,255.7,2,2019-11-22
2517,47,46,252.45,2,2019-11-23
2518,47,47,260.03,2,2019-11-24
2519,47,48,258.61,2,2019-11-25
2520,47,49,255.54,2,2019-11-26
2521,47,50,257.53,2,2019-11-27
2522,47,51,255.08,2,2019-11-28
2523,47,52,258.5,2,2019-11-29
2524,47,53,259.74,2,2019-11-30
2525,47,54,255.72,2,2019-12-01
2526,48,0,254.83,2,2019-12-02
2527,48,1,253.81,2,2019-12-03
2528,48,2,261.46,2,2019-12-04
2529,48,3,254.85,2,2019-12-05
2530,48,4,256.35,2,2019-12-06
2531,48,5,261.7,2,2019-12-07
2532,48,6,259.54,2,2019-12-08
2533,48,7,258.67,2,2019-12-09
2534,48,8,261.95,2,2019-12-10
2535,48,9,258.86,2,2019-12-11
2536,48,10,262.28,2,2019-12-12
2537,48,11,262.7,2,2019-12-13
2538,48,12,265.22,2,2019-12-14
2539,48,13,262.63,2,2019-12-15
2540,48,14,265.96,2,2019-12-16
2541,48,15,258.31,2,2019-12-17
2542,48,16,260.06,2,2019-12-18
2543,48,17,261.3,2,2019-12-19
2544,48,18,259.76,2,2019-12-20
2545,48,19,259.91,2,2019-12-21
2546,48,20,259.18,2,2019-12-22
2547,48,21,259.28,2,2019-12-23
2548,48,22,258.62,2,2019-12-24
2549,48,23,260.52,2,2019-12-25
2550,48,24,259.17,2,2019-12-26
2551,48,25,258.85,2,2019-12-27
2552,48,26,260.32,2,2019-12-28
2553,48,27,259.21,2,2019-12-29
2554,48,28,262.78,2,2019-12-30
2555,48,29,261.88,2,2019-12-31
2556,48,30,260.84,2,2020-01-01
2557,48,31,259.39,2,2020-01-02
2558,48,32,259.85,2,2020-01-03
2559,48,33,259.53,2,2020-01-04
2560,48,34,262.95,2,2020-01-05
2561,48,35,260.67,2,2020-01-06
2562,48,36,261.74,2,2020-01-07
2563,48,37,261.36,2,2020-01-08
2564,48,38,260.37,2,2020-01-09
2565,48,39,261.0,2,2020-01-10
2566,48,40,260.91,2,2020-01-11
2567,48,41,262.23,2,2020-01-12
2568,48,42,265.24,2,2020-01-13
2569,48,43,259.67,2,2020-01-14
2570,48,44,261.02,2,2020-01-15
2571,48,45,263.94,2,2020-01-16
2572,48,46,261.58,2,2020-01-17
2573,48,47,266.18,2,2020-01-18
2574,48,48,272.59,2,2020-01-19
2575,48,49,264.03,2,2020-01-20
2576,48,50,265.44,2,2020-01-21
2577,48,51,268.6,2,2020-01-22
2578,48,52,270.85,2,2020-01-23
2579,48,53,265.05,2,2020-01-24
2580,48,54,264.69,2,2020-01-25
2581,49,0,267.91,2,2020-01-26
2582,49,1,261.66,2,2020-01-27
2583,49,2,268.48,2,2020-01-28
2584,49,3,267.14,2,2020-01-29
2585,49,4,266.5,2,2020-01-30
2586,49,5,266.68,2,2020-01-31
2587,49,6,265.8,2,2020-02-01
2588,49,7,265.84,2,2020-02-02
2589,49,8,266.76,2,2020-02-03
2590,49,9,267.33,2,2020-02-04
2591,49,10,265.08,2,2020-02-05
2592,49,11,267.12,2,2020-02-06
2593,49,12,267.78,2,2020-02-07
2594,49,13,264.85,2,2020-02-08
2595,49,14,265.72,2,2020-02-09
2596,49,15,263.58,2,2020-02-10
2597,49,16,264.53,2,2020-02-11
2598,49,17,266.39,2,2020-02-12
2599,49,18,267.55,2,2020-02-13
2600,49,19,267.53,2,2020-02-14
2601,49,20,268.14,2,2020-02-15
2602,49,21,267.93,2,2020-02-16
2603,49,22,269.28,2,2020-02-17
2604,49,23,268.41,2,2020-02-18
2605,49,24,269.2,2,2020-02-19
2606,49,25,268.9,2,2020-02-20
2607,49,26,261.0,2,2020-02-21
2608,49,27,265.25,2,2020-02-22
2609,49,28,265.93,2,2020-02-23
2610,49,29,261.44,2,2020-02-24
2611,49,30,263.88,2,2020-02-25
2612,49,31,266.2,2,2020-02-26
2613,49,32,269.39,2,2020-02-27
2614,49,33,271.32,2,2020-02-28
2615,49,34,270.19,2,2020-02-29
2616,49,35,270.68,2,2020-03-01
2617,49,36,269.58,2,2020-03-02
2618,49,37,270.14,2,2020-03-03
2619,49,38,268.91,2,2020-03-04
2620,49,39,270.73,2,2020-03-05
2621,49,40,277.61,2,2020-03-06
2622,49,41,269.95,2,2020-03-07
2623,49,42,262.9,2,2020-03-08
2624,49,43,263.61,2,2020-03-09
2625,49,44,262.16,2,2020-03-10
2626,49,45,265.24,2,2020-03-11
2627,49,46,265.04,2,2020-03-12
2628,49,47,262.99,2,2020-03-13
2629,49,48,264.3,2,2020-03-14
2630,49,49,263.95,2,2020-03-15
2631,49,50,263.75,2,2020-03-16
2632,49,51,264.36,2,2020-03-17
2633,49,52,264.49,2,2020-03-18
2634,49,53,266.99,2,2020-03-19
2635,49,54,265.27,2,2020-03-20
2636,50,0,263.82,2,2020-03-21
2637,50,1,265.1,2,2020-03-22
2638,50,2,265.26,2,2020-03-23
2639,50,3,266.56,2,2020-03-24
2640,50,4,266.4,2,2020-03-25
2641,50,5,265.29,2,2020-03-26
2642,50,6,266.31,2,2020-03-27
2643,50,7,265.29,2,2020-03-28
2644,50,8,264.99,2,2020-03-29
2645,50,9,265.87,2,2020-03-30
2646,50,10,265.85,2,2020-03-31
2647,50,11,266.79,2,2020-04-01
2648,50,12,263.96,2,2020-04-02
2649,50,13,267.54,2,2020-04-03
2650,50,14,265.45,2,2020-04-04
2651,50,15,266.58,2,2020-04-05
2652,50,16,265.42,2,2020-04-06
2653,50,17,266.0,2,2020-04-07
2654,50,18,264.84,2,2020-04-08
2655,50,19,264.56,2,2020-04-09
2656,50,20,267.06,2,2020-04-10
2657,50,21,273.81,2,2020-04-11
2658,50,22,271.33,2,2020-04-12
2659,50,23,269.16,2,2020-04-13
2660,50,24,267.68,2,2020-04-14
2661,50,25,268.06,2,2020-04-15
2662,50,26,270.8,2,2020-04-16
2663,50,27,269.84,2,2020-04-17
2664,50,28,269.77,2,2020-04-18
2665,50,29,269.62,2,2020-04-19
2666,50,30,268.62,2,2020-04-20
2667,50,31,275.66,2,2020-04-21
2668,50,32,275.87,2,2020-04-22
2669,50,33,276.83,2,2020-04-23
2670,50,34,279.18,2,2020-04-24
2671,50,35,276.35,2,2020-04-25
2672,50,36,279.46,2,2020-04-26
2673,50,37,275.89,2,2020-04-27
2674,50,38,273.74,2,2020-04-28
2675,50,39,274.46,2,2020-04-29
2676,50,40,276.85,2,2020-04-30
2677,50,41,275.88,2,2020-05-01
2678,50,42,270.01,2,2020-05-02
2679,50,43,269.64,2,2020-05-03
2680,50,44,273.86,2,2020-05-04
2681,50,45,271.2,2,2020-05-05
2682,50,46,273.24,2,2020-05-06
2683,50,47,270.46,2,2020-05-07
2684,50,48,272.66,2,2020-05-08
2685,50,51,271.66,2,2020-05-09
2686,50,52,271.63,2,2020-05-10
2687,50,53,273.17,2,2020-05-11
2688,50,54,270.51,2,2020-05-12
2689,51,0,219.64,2,2020-05-13
2690,51,2,271.4,2,2020-05-14
2691,51,3,268.12,2,2020-05-15
2692,51,4,266.43,2,2020-05-16
2693,51,5,268.09,2,2020-05-17
2694,51,6,273.04,2,2020-05-18
2695,51,7,266.03,2,2020-05-19
2696,51,8,267.89,2,2020-05-20
2697,51,9,266.41,2,2020-05-21
2698,51,10,266.73,2,2020-05-22
2699,51,11,264.8,2,2020-05-23
2700,51,12,265.84,2,2020-05-24
2701,51,13,267.12,2,2020-05-25
2702,51,14,267.36,2,2020-05-26
2703,51,15,273.27,2,2020-05-27
2704,51,16,270.52,2,2020-05-28
2705,51,17,273.17,2,2020-05-29
2706,51,18,271.97,2,2020-05-30
2707,51,19,271.96,2,2020-05-31
2708,51,20,272.3,2,2020-06-01
2709,51,21,262.56,2,2020-06-02
2710,51,22,274.23,2,2020-06-03
2711,51,23,264.62,2,2020-06-04
2712,51,24,267.89,2,2020-06-05
2713,51,25,270.74,2,2020-06-06
2714,51,26,271.88,2,2020-06-07
2715,51,27,269.23,2,2020-06-08
2716,51,28,270.86,2,2020-06-09
2717,51,29,265.12,2,2020-06-10
2718,51,30,272.12,2,2020-06-11
2719,51,31,269.6,2,2020-06-12
2720,51,32,272.38,2,2020-06-13
2721,51,33,269.16,2,2020-06-14
2722,51,34,271.01,2,2020-06-15
2723,51,35,272.05,2,2020-06-16
2724,51,36,266.74,2,2020-06-17
2725,51,37,269.18,2,2020-06-18
2726,51,38,269.97,2,2020-06-19
2727,51,39,271.55,2,2020-06-20
2728,51,40,269.83,2,2020-06-21
2729,51,41,265.58,2,2020-06-22
2730,51,42,270.21,2,2020-06-23
2731,51,43,271.65,2,2020-06-24
2732,51,44,271.63,2,2020-06-25
2733,51,45,271.77,2,2020-06-26
2734,51,46,270.52,2,2020-06-27
2735,51,47,273.92,2,2020-06-28
2736,51,48,268.51,2,2020-06-29
2737,51,49,269.34,2,2020-06-30
2738,51,50,267.82,2,2020-07-01
2739,51,51,270.66,2,2020-07-02
2740,51,52,269.87,2,2020-07-03
2741,51,53,267.85,2,2020-07-04
2742,51,54,271.97,2,2020-07-05
2743,52,0,269.55,2,2020-07-06
2744,52,1,271.88,2,2020-07-07
2745,52,2,269.38,2,2020-07-08
2746,52,3,270.14,2,2020-07-09
2747,52,4,270.66,2,2020-07-10
2748,52,5,271.28,2,2020-07-11
2749,52,6,269.56,2,2020-07-12
2750,52,7,270.34,2,2020-07-13
2751,52,8,270.19,2,2020-07-14
2752,52,9,266.04,2,2020-07-15
2753,52,10,271.61,2,2020-07-16
2754,52,11,269.42,2,2020-07-17
2755,52,12,273.23,2,2020-07-18
2756,52,13,264.25,2,2020-07-19
2757,52,14,271.7,2,2020-07-20
2758,52,15,265.9,2,2020-07-21
2759,52,16,268.17,2,2020-07-22
2760,52,17,270.48,2,2020-07-23
2761,52,18,271.86,2,2020-07-24
2762,52,19,268.85,2,2020-07-25
2763,52,20,277.26,2,2020-07-26
2764,52,21,272.07,2,2020-07-27
2765,52,22,267.99,2,2020-07-28
2766,52,23,271.27,2,2020-07-29
2767,52,24,272.5,2,2020-07-30
2768,52,25,268.5,2,2020-07-31
2769,52,26,268.5,2,2020-08-01
2770,52,27,267.08,2,2020-08-02
2771,52,28,270.02,2,2020-08-03
2772,52,29,269.15,2,2020-08-04
2773,52,30,265.66,2,2020-08-05
2774,52,31,272.0,2,2020-08-06
2775,52,32,270.52,2,2020-08-07
2776,52,33,264.51,2,2020-08-08
2777,52,34,271.7,2,2020-08-09
2778,52,35,270.56,2,2020-08-10
2779,52,36,270.17,2,2020-08-11
2780,52,37,269.68,2,2020-08-12
2781,52,38,268.62,2,2020-08-13
2782,52,39,270.37,2,2020-08-14
2783,52,40,270.19,2,2020-08-15
2784,52,41,271.73,2,2020-08-16
2785,52,42,265.7,2,2020-08-17
2786,52,43,271.77,2,2020-08-18
2787,52,44,268.98,2,2020-08-19
2788,52,45,270.44,2,2020-08-20
2789,52,46,271.92,2,2020-08-21
2790,52,47,268.8,2,2020-08-22
2791,52,48,270.59,2,2020-08-23
2792,52,49,269.73,2,2020-08-24
2793,52,50,272.95,2,2020-08-25
2794,52,51,271.0,2,2020-08-26
2795,52,52,272.08,2,2020-08-27
2796,52,53,276.13,2,2020-08-28
2797,52,54,272.68,2,2020-08-29
2798,53,0,267.29,2,2020-08-30
2799,53,1,270.09,2,2020-08-31
2800,53,2,268.73,2,2020-09-01
2801,53,3,268.17,2,2020-09-02
2802,53,4,269.24,2,2020-09-03
2803,53,5,267.73,2,2020-09-04
2804,53,6,268.25,2,2020-09-05
2805,53,7,269.18,2,2020-09-06
2806,53,8,268.19,2,2020-09-07
2807,53,9,267.34,2,2020-09-08
2808,53,10,271.73,2,2020-09-09
2809,53,11,271.77,2,2020-09-10
2810,53,12,259.39,2,2020-09-11
2811,53,13,257.37,2,2020-09-12
2812,53,14,257.33,2,2020-09-13
2813,53,15,264.08,2,2020-09-14
2814,53,16,261.56,2,2020-09-15
2815,53,17,262.96,2,2020-09-16
2816,53,18,259.84,2,2020-09-17
2817,53,19,265.19,2,2020-09-18
2818,53,20,268.09,2,2020-09-19
2819,53,21,270.17,2,2020-09-20
2820,53,22,269.92,2,2020-09-21
2821,53,23,268.89,2,2020-09-22
2822,53,24,270.85,2,2020-09-23
2823,53,25,269.52,2,2020-09-24
2824,53,26,265.43,2,2020-09-25
2825,53,27,264.91,2,2020-09-26
2826,53,28,265.1,2,2020-09-27
2827,53,29,265.05,2,2020-09-28
2828,53,30,268.6,2,2020-09-29
2829,53,31,269.22,2,2020-09-30
2830,53,32,264.33,2,2020-10-01
2831,53,33,261.74,2,2020-10-02
2832,53,34,262.42,2,2020-10-03
2833,53,35,263.68,2,2020-10-04
2834,53,36,261.22,2,2020-10-05
2835,53,37,259.85,2,2020-10-06
2836,53,38,259.38,2,2020-10-07
2837,53,39,264.52,2,2020-10-08
2838,53,40,262.94,2,2020-10-09
2839,53,41,219.76,2,2020-10-10
2840,53,43,258.94,2,2020-10-11
2841,53,44,263.02,2,2020-10-12
2842,53,45,263.08,2,2020-10-13
2843,53,46,263.83,2,2020-10-14
2844,53,47,260.99,2,2020-10-15
2845,53,48,263.71,2,2020-10-16
2846,53,49,256.38,2,2020-10-17
2847,53,50,257.2,2,2020-10-18
2848,53,51,260.49,2,2020-10-19
2849,53,52,257.76,2,2020-10-20
2850,53,53,269.08,2,2020-10-21
2851,53,54,269.09,2,2020-10-22
2852,54,0,267.66,2,2020-10-23
2853,54,1,260.25,2,2020-10-24
2854,54,2,268.42,2,2020-10-25
2855,54,3,266.55,2,2020-10-26
2856,54,4,265.29,2,2020-10-27
2857,54,5,263.92,2,2020-10-28
2858,54,6,265.61,2,2020-10-29
2859,54,7,260.7,2,2020-10-30
2860,54,8,258.28,2,2020-10-31
2861,54,9,261.05,2,2020-11-01
2862,54,10,263.45,2,2020-11-02
2863,54,11,266.75,2,2020-11-03
2864,54,12,269.48,2,2020-11-04
2865,54,13,263.17,2,2020-11-05
2866,54,14,263.45,2,2020-11-06
2867,54,15,265.08,2,2020-11-07
2868,54,16,266.21,2,2020-11-08
2869,54,17,254.24,2,2020-11-09
2870,54,18,254.37,2,2020-11-10
2871,54,19,254.47,2,2020-11-11
2872,54,20,253.75,2,2020-11-12
2873,54,21,256.95,2,2020-11-13
2874,54,22,255.62,2,2020-11-14
2875,54,23,259.42,2,2020-11-15
2876,54,24,255.75,2,2020-11-16
2877,54,25,254.64,2,2020-11-17
2878,54,26,261.53,2,2020-11-18
2879,54,27,258.38,2,2020-11-19
2880,54,28,258.79,2,2020-11-20
2881,54,29,260.45,2,2020-11-21
2882,54,30,256.51,2,2020-11-22
2883,54,31,255.93,2,2020-11-23
2884,54,32,253.77,2,2020-11-24
2885,54,33,257.92,2,2020-11-25
2886,54,34,257.75,2,2020-11-26
2887,54,35,260.07,2,2020-11-27
2888,54,36,253.12,2,2020-11-28
2889,54,37,262.71,2,2020-11-29
2890,54,38,256.7,2,2020-11-30
2891,54,39,254.12,2,2020-12-01
2892,54,40,257.45,2,2020-12-02
2893,54,41,255.98,2,2020-12-03
2894,54,42,251.72,2,2020-12-04
2895,54,43,259.18,2,2020-12-05
2896,54,44,258.47,2,2020-12-06
2897,54,45,261.01,2,2020-12-07
2898,54,46,258.95,2,2020-12-08
2899,54,47,259.05,2,2020-12-09
2900,54,48,254.7,2,2020-12-10
2901,54,49,251.61,2,2020-12-11
2902,54,50,254.6,2,2020-12-12
2903,54,51,253.2,2,2020-12-13
2904,54,52,254.2,2,2020-12-14
2905,54,53,256.75,2,2020-12-15
2906,54,54,254.38,2,2020-12-16
2907,55,0,256.83,2,2020-12-17
2908,55,1,264.69,2,2020-12-18
2909,55,2,253.78,2,2020-12-19
2910,55,3,257.2,2,2020-12-20
2911,55,4,256.03,2,2020-12-21
2912,55,5,253.2,2,2020-12-22
2913,55,6,250.44,2,2020-12-23
2914,55,7,251.31,2,2020-12-24
2915,55,8,256.67,2,2020-12-25
2916,55,9,255.61,2,2020-12-26
2917,55,10,257.75,2,2020-12-27
2918,55,11,256.13,2,2020-12-28
2919,55,12,260.51,2,2020-12-29
2920,55,13,258.47,2,2020-12-30
2921,55,14,259.36,2,2020-12-31
2922,55,15,264.16,2,2021-01-01
2923,55,16,263.96,2,2021-01-02
2924,55,17,261.9,2,2021-01-03
2925,55,18,258.22,2,2021-01-04
2926,55,19,260.31,2,2021-01-05
2927,55,20,260.0,2,2021-01-06
2928,55,21,257.18,2,2021-01-07
2929,55,22,257.24,2,2021-01-08
2930,55,23,257.58,2,2021-01-09
2931,55,24,254.15,2,2021-01-10
2932,55,25,254.28,2,2021-01-11
2933,55,26,255.57,2,2021-01-12
2934,55,27,256.49,2,2021-01-13
2935,55,28,255.38,2,2021-01-14
2936,55,29,255.55,2,2021-01-15
2937,55,30,259.07,2,2021-01-16
2938,55,31,257.02,2,2021-01-17
2939,55,32,259.81,2,2021-01-18
2940,55,33,255.12,2,2021-01-19
2941,55,34,253.27,2,2021-01-20
2942,55,35,255.01,2,2021-01-21
2943,55,36,258.85,2,2021-01-22
2944,55,37,257.31,2,2021-01-23
2945,55,38,256.7,2,2021-01-24
2946,55,39,251.17,2,2021-01-25
2947,55,40,258.06,2,2021-01-26
2948,55,41,258.35,2,2021-01-27
2949,55,42,260.0,2,2021-01-28
2950,55,43,260.09,2,2021-01-29
2951,55,44,262.16,2,2021-01-30
2952,55,45,260.95,2,2021-01-31
2953,55,46,252.87,2,2021-02-01
2954,55,47,255.38,2,2021-02-02
2955,55,48,260.29,2,2021-02-03
2956,55,49,257.69,2,2021-02-04
2957,55,50,256.34,2,2021-02-05
2958,55,51,257.67,2,2021-02-06
2959,55,52,250.04,2,2021-02-07
2960,55,53,246.44,2,2021-02-08
2961,55,54,246.65,2,2021-02-09
2962,56,0,242.2,2,2021-02-10
2963,56,1,246.39,2,2021-02-11
2964,56,2,247.06,2,2021-02-12
2965,56,3,247.17,2,2021-02-13
2966,56,4,247.35,2,2021-02-14
2967,56,5,245.41,2,2021-02-15
2968,56,6,246.17,2,2021-02-16
2969,56,7,246.37,2,2021-02-17
2970,56,8,248.16,2,2021-02-18
2971,56,9,244.43,2,2021-02-19
2972,56,10,246.04,2,2021-02-20
2973,56,11,247.71,2,2021-02-21
2974,56,12,248.66,2,2021-02-22
2975,56,13,247.75,2,2021-02-23
2976,56,14,249.45,2,2021-02-24
2977,56,15,248.93,2,2021-02-25
2978,56,16,244.84,2,2021-02-26
2979,56,17,246.06,2,2021-02-27
2980,56,18,248.42,2,2021-02-28
2981,56,19,246.56,2,2021-03-01
2982,56,20,253.92,2,2021-03-02
2983,56,21,254.01,2,2021-03-03
2984,56,22,253.28,2,2021-03-04
2985,56,23,252.47,2,2021-03-05
2986,56,24,254.41,2,2021-03-06
2987,56,25,257.99,2,2021-03-07
2988,56,26,255.22,2,2021-03-08
2989,56,27,254.04,2,2021-03-09
2990,56,28,252.29,2,2021-03-10
2991,56,29,245.44,2,2021-03-11
2992,56,30,245.31,2,2021-03-12
2993,56,31,251.35,2,2021-03-13
2994,56,32,252.96,2,2021-03-14
2995,56,33,247.42,2,2021-03-15
2996,56,34,250.9,2,2021-03-16
2997,56,35,247.15,2,2021-03-17
2998,56,36,248.38,2,2021-03-18
2999,56,37,247.72,2,2021-03-19
3000,56,38,254.04,2,2021-03-20
3001,56,39,250.49,2,2021-03-21
3002,56,40,254.44,2,2021-03-22
3003,56,41,250.57,2,2021-03-23
3004,56,42,250.79,2,2021-03-24
3005,56,43,248.87,2,2021-03-25
3006,56,44,250.63,2,2021-03-26
3007,56,45,251.29,2,2021-03-27
3008,56,46,249.95,2,2021-03-28
3009,56,47,243.03,2,2021-03-29
3010,56,48,244.66,2,2021-03-30
3011,56,49,244.94,2,2021-03-31
3012,56,50,250.6,2,2021-04-01
3013,56,51,248.47,2,2021-04-02
3014,56,52,242.95,2,2021-04-03
3015,56,53,251.93,2,2021-04-04
3016,56,54,251.8,2,2021-04-05
3017,57,0,254.08,2,2021-04-06
3018,57,1,247.39,2,2021-04-07
3019,57,2,251.31,2,2021-04-08
3020,57,3,251.01,2,2021-04-09
3021,57,4,238.28,2,2021-04-10
3022,57,5,242.83,2,2021-04-11
3023,57,6,244.23,2,2021-04-12
3024,57,7,252.24,2,2021-04-13
3025,57,8,250.86,2,2021-04-14
3026,57,9,250.03,2,2021-04-15
3027,57,10,251.36,2,2021-04-16
3028,57,11,242.83,2,2021-04-17
3029,57,12,245.32,2,2021-04-18
3030,57,13,248.65,2,2021-04-19
3031,57,14,244.45,2,2021-04-20
3032,57,15,246.95,2,2021-04-21
3033,57,16,243.18,2,2021-04-22
3034,57,17,249.28,2,2021-04-23
3035,57,18,245.52,2,2021-04-24
3036,57,19,246.89,2,2021-04-25
3037,57,20,245.39,2,2021-04-26
3038,57,21,250.13,2,2021-04-27
3039,57,22,250.4,2,2021-04-28
3040,57,23,248.82,2,2021-04-29
3041,57,24,247.44,2,2021-04-30
3042,57,25,249.95,2,2021-05-01
3043,57,26,249.74,2,2021-05-02
3044,57,27,250.41,2,2021-05-03
3045,57,28,250.2,2,2021-05-04
3046,57,29,250.44,2,2021-05-05
3047,57,30,246.66,2,2021-05-06
3048,57,31,248.26,2,2021-05-07
3049,57,32,249.85,2,2021-05-08
3050,57,33,248.51,2,2021-05-09
3051,57,34,246.68,2,2021-05-10
3052,57,35,249.06,2,2021-05-11
3053,57,36,248.09,2,2021-05-12
3054,57,37,247.5,2,2021-05-13
3055,57,38,248.57,2,2021-05-14
3056,57,39,250.03,2,2021-05-15
3057,57,40,250.73,2,2021-05-16
3058,57,41,242.02,2,2021-05-17
3059,57,42,244.85,2,2021-05-18
3060,57,43,247.11,2,2021-05-19
3061,57,44,252.21,2,2021-05-20
3062,57,45,249.03,2,2021-05-21
3063,57,46,249.23,2,2021-05-22
3064,57,47,247.82,2,2021-05-23
3065,57,48,246.98,2,2021-05-24
